RANK,FULL NAME,TEAM,POS,AGE,GP,MPG,MIN%Minutes PercentagePercentage of team minutes used by a player while he was on the floor,"USG%Usage RateUsage rate, a.k.a., usage percentage is an estimate of the percentage of team plays used by a player while he was on the floor",TO%Turnover RateA metric that estimates the number of turnovers a player commits per 100 possessions,FTA,FT%,2PA,2P%,3PA,3P%,"eFG%Effective Shooting PercentageWith eFG%, three-point shots made are worth 50% more than two-point shots made. eFG% Formula=(FGM+ (0.5 x 3PM))/FGA","TS%True Shooting PercentageTrue shooting percentage is a measure of shooting efficiency that takes into account field goals, 3-point field goals, and free throws.",PPGPointsPoints per game.,RPGReboundsRebounds per game.,TRB%Total Rebound PercentageTotal rebound percentage is estimated percentage of available rebounds grabbed by the player while the player is on the court.,APGAssistsAssists per game.,AST%Assist PercentageAssist percentage is an estimated percentage of teammate field goals a player assisted while the player is on the court,SPGStealsSteals per game.,BPGBlocksBlocks per game.,TOPGTurnoversTurnovers per game.,"VIVersatility IndexVersatility index is a metric that measures a playerâ€™s ability to produce in points, assists, and rebounds. The average player will score around a five on the index, while top players score above 10",ORTGOffensive RatingIndividual offensive rating is the number of points produced by a player per 100 total individual possessions.,DRTGDefensive RatingIndividual defensive rating estimates how many points the player allowed per 100 possessions he individually faced while staying on the court.
,Steven Adams,Okc,C,26.56,47,26.9,55.9,17.1,14.5,145,0.586,353,0.592,2,0,0.589,0.601,10.7,9.2,19,2.6,14.6,0.64,1.11,1.51,9.4,122.6,102
,Bam Adebayo,Mia,C-F,22.57,52,34.7,72.3,20,17.4,265,0.687,549,0.59,11,0.091,0.581,0.616,16,10.4,16.8,4.9,22.3,1.17,1.19,2.75,10.8,118.8,102.1
,LaMarcus Aldridge,San,F-C,34.56,48,33.1,68.9,22.9,7.9,169,0.834,565,0.522,134,0.41,0.54,0.579,18.7,7.5,12.1,2.4,11,0.63,1.69,1.38,8.4,116.3,108.7
,Nickeil Alexander-Walker,Nor,G,21.44,40,12.5,25.9,22.9,14.4,28,0.607,108,0.343,117,0.342,0.431,0.445,5.3,2,8.3,1.9,20.8,0.28,0.18,1,8.7,91.1,107.3
,Grayson Allen,Mem,G,24.34,30,16.6,34.6,18,10.7,35,0.857,85,0.541,91,0.363,0.543,0.577,7.4,2.2,7,1.4,11.8,0.23,0.03,0.77,6.8,110.2,109.6
,Jarrett Allen,Bro,C,21.81,51,26.9,55.9,14.9,12.1,196,0.628,337,0.653,5,0,0.643,0.657,11,9.6,18.4,1.4,7.8,0.65,1.45,1.16,7.9,129,99.7
,Kadeem Allen,Nyk,G,27.07,10,11.7,24.4,20.6,14.1,11,0.636,28,0.5,16,0.313,0.489,0.512,5,0.9,4.1,2.1,27.4,0.5,0.2,0.8,7.2,105.4,111.4
,Al-Farouq Aminu,Orl,F,29.39,18,21.1,44,13.2,14.7,29,0.655,50,0.32,36,0.25,0.343,0.395,4.3,4.9,12.2,1.2,7.6,1,0.44,0.94,5.6,87.5,101.8
,Justin Anderson,Bro,F-G,26.23,3,5.6,11.7,17,0,2,0.5,3,0.333,3,0,0.167,0.218,1,0.7,6.1,0,0,0,0.33,0,0,50,101.7
,Kyle Anderson,Mem,F-G,26.39,47,17.9,37.3,13.5,14.7,54,0.648,169,0.562,40,0.2,0.512,0.535,5.3,4,12,2.2,15.7,0.72,0.49,0.85,8,110.5,105.3
,Ryan Anderson,Hou,F,31.76,2,7,14.6,23.5,12.5,0,0,2,0.5,5,0.2,0.357,0.357,2.5,3.5,26.1,1,20.1,0.5,0,0.5,11.8,78.3,94.5
,Giannis Antetokounmpo,Mil,F,25.18,48,30.9,64.3,37.8,13,500,0.614,730,0.625,233,0.313,0.587,0.608,30,13.5,21.4,5.8,33.8,1.1,1.06,3.67,17.2,116.4,89.6
,Kostas Antetokounmpo,Lal,F,22.22,3,1.7,3.5,0,,0,0,0,0,0,0,,,0,0.3,10.7,0.3,22,0,0,0,0,,
,Thanasis Antetokounmpo,Mil,F,27.57,15,4.1,8.5,21.6,15.6,9,0.444,20,0.65,3,0,0.565,0.556,2,0.5,5.6,0.4,14,0.13,0.07,0.33,7.2,107.2,93.6
,Carmelo Anthony,Por,F,35.7,38,32.6,67.9,21.8,10.5,98,0.837,377,0.44,148,0.372,0.473,0.51,15.2,6.6,10.4,1.6,6.9,0.82,0.47,1.76,6.7,100.6,107.5
,OG Anunoby,Tor,F,22.57,52,29,60.3,14.7,12,63,0.651,248,0.581,177,0.367,0.568,0.579,10.1,5.3,9.6,1.5,7.5,1.17,0.63,1.19,6,109.7,100.2
,Ryan Arcidiacono,Chi,G,25.88,50,14.9,31.1,12.3,12.6,28,0.714,66,0.409,109,0.413,0.54,0.558,4.2,1.7,6.2,1.6,14.7,0.4,0.06,0.54,6,113,104.2
,Trevor Ariza,Sac,F,34.61,32,24.7,51.5,11.3,13.7,27,0.778,43,0.488,122,0.352,0.518,0.543,6,4.6,10.4,1.6,8.5,1.09,0.25,0.88,5.7,107.6,105.1
,Trevor Ariza,Por,F,34.61,9,31.6,65.8,12.2,11,13,0.923,37,0.595,30,0.4,0.597,0.633,10.2,4.6,7.4,1.9,8,1.56,0.22,1,5.7,122.5,108.4
,D.J. Augustin,Orl,G,32.25,39,26,54.1,18.8,12.4,130,0.877,190,0.426,136,0.346,0.465,0.544,10.7,2.4,5,4.7,27.4,0.67,0.03,1.38,7.6,113.9,108.6
,Deandre Ayton,Pho,C,21.55,23,33.1,68.9,23.8,10.3,56,0.804,356,0.542,2,0,0.539,0.563,18.7,12,20,2.2,11.1,0.74,1.61,1.91,9.6,111.8,102.3
,Dwayne Bacon,Cha,G-F,24.45,38,17.7,36.9,19.5,12,53,0.66,174,0.379,67,0.284,0.392,0.424,5.9,2.5,7.7,1.3,11.7,0.61,0.05,0.95,6,86.9,108.6
,Marvin Bagley III,Sac,F,20.91,13,25.7,53.5,26,9.1,31,0.806,145,0.51,22,0.182,0.479,0.512,14.2,7.5,16.4,0.8,5.1,0.46,0.92,1.38,6.8,102.1,99.9
,Lonzo Ball,Nor,G,22.29,45,31.9,66.4,18.8,19.9,52,0.558,212,0.448,291,0.361,0.502,0.508,11.9,6.1,10,6.6,28.5,1.33,0.42,2.91,9.8,102.7,109.2
,Mo Bamba,Orl,C,21.75,49,15,31.2,16.9,13.7,32,0.688,148,0.541,84,0.333,0.526,0.54,5.4,5,17.7,0.6,6.6,0.37,1.43,0.8,6.7,105.8,95.5
,J.J. Barea,Dal,G,35.62,16,15.5,32.2,25.1,13.8,10,1,73,0.452,48,0.458,0.545,0.566,8.9,1.9,6.5,3.6,36.3,0.19,0.06,1.25,10.2,116.9,111.9
,Harrison Barnes,Sac,F,27.7,52,34.7,72.3,17.7,8.6,208,0.798,393,0.496,186,0.355,0.508,0.562,14.5,4.9,8,2.2,9.3,0.56,0.15,1.21,6.2,113.8,113.5
,RJ Barrett,Nyk,F-G,19.66,44,30.5,63.6,23.2,12.6,197,0.599,407,0.413,147,0.327,0.433,0.467,13.6,5.1,8.9,2.5,12.3,0.95,0.36,2.09,7.3,93.3,108.6
,Will Barton,Den,G,29.09,48,33.3,69.3,19.9,9.1,115,0.765,390,0.485,228,0.382,0.517,0.544,15.1,6.5,10.7,3.7,16.4,1.1,0.5,1.4,8.6,113.1,105.2
,Keita Bates-Diop,Min,F,24.05,37,17.5,36.4,15.9,5.6,65,0.708,112,0.5,94,0.33,0.498,0.535,6.8,3,8.9,0.8,6.8,0.46,0.54,0.38,5.8,111.5,109.7
,Keita Bates-Diop,Den,F,24.05,1,14.1,29.4,5.8,0,2,1,1,1,0,0,1,1.064,4,2,7.8,0,0,0,0,0,0,227.5,98.6
,Nicolas Batum,Cha,G-F,31.15,22,23,47.8,9.3,20.5,10,0.9,32,0.438,49,0.286,0.432,0.463,3.6,4.5,10.7,3,17.9,0.77,0.36,1,6.3,105.6,107.4
,Aron Baynes,Pho,C-F,33.17,33,22.9,47.7,20.5,10.7,61,0.721,173,0.601,126,0.333,0.559,0.58,11.5,5.8,14.1,1.9,12.5,0.18,0.58,1.18,8.8,113.6,98.5
,Kent Bazemore,Por,G-F,30.61,43,25.8,53.8,15.9,14.4,72,0.806,155,0.368,171,0.327,0.433,0.475,7.9,4,8,1.4,7.2,1.05,0.72,1.4,5.5,91.7,105.2
,Kent Bazemore,Sac,G-F,30.61,9,20.1,41.9,20.7,12.8,27,0.667,38,0.421,25,0.32,0.444,0.494,8.2,3.8,10.6,1,7.2,1.11,0.33,1.22,6.3,97.1,99.3
,Darius Bazley,Okc,F-G,19.66,53,17.2,35.7,14.1,13.8,47,0.681,130,0.446,100,0.3,0.448,0.475,4.5,3.7,11.9,0.5,4.4,0.38,0.66,0.75,4.7,90.3,105.2
,Bradley Beal,Was,G,26.62,44,35.6,74.2,33.4,11.2,351,0.843,618,0.524,347,0.323,0.51,0.572,29.1,4.5,6.8,6.3,29.1,1.05,0.39,3.2,10.5,113.2,115.2
,Malik Beasley,Den,G,23.2,41,18.2,37.9,20.5,10.2,38,0.868,140,0.421,161,0.36,0.485,0.511,7.9,1.9,5.7,1.2,9.2,0.76,0.15,0.88,5.8,99.8,105.8
,Malik Beasley,Min,G,23.2,1,28.9,60.2,28.6,5,0,0,6,0.167,13,0.538,0.605,0.605,23,10,18.1,4,25.4,1,0,1,13.5,123.4,96.9
,Marco Belinelli,San,G,33.88,45,15,31.3,17.1,5.2,41,0.78,107,0.402,128,0.359,0.477,0.506,5.7,1.7,5.9,1.3,11.8,0.18,0,0.31,6.2,106.2,112.9
,Jordan Bell,Min,F,25.09,27,8.7,18.1,16,19.8,29,0.586,51,0.588,9,0.222,0.55,0.57,3.1,2.9,17.6,0.5,8.7,0.07,0.37,0.67,7.6,107.5,106.9
,DeAndre' Bembry,Atl,G-F,25.6,43,21.3,44.4,14,19.4,48,0.542,163,0.546,65,0.231,0.489,0.5,5.8,3.5,8.9,1.9,12.4,1.28,0.44,1.4,6.3,94.5,107.2
,Dragan Bender,Mil,F,22.23,7,13,27,12.4,18.3,3,0.667,12,0.5,9,0.444,0.571,0.582,3.7,2.9,10.8,1.3,12.3,0,0.71,0.71,7.4,105.1,87.4
,Davis Bertans,Was,F,27.24,42,29.4,61.3,18.2,7.2,83,0.867,115,0.461,353,0.431,0.6,0.628,15.1,4.7,8.7,1.8,8.6,0.71,0.64,0.93,6.9,122.2,111.9
,Patrick Beverley,Lac,G,31.58,40,28,58.4,13.3,14.9,38,0.632,115,0.53,176,0.364,0.54,0.549,8.5,5.8,10.6,4,18.8,1.23,0.63,1.35,8.3,114.7,97.7
,Khem Birch,Orl,C,27.37,37,20.5,42.8,9.2,14.3,67,0.612,107,0.486,1,0,0.481,0.527,3.9,4.8,12.2,0.9,6.4,0.43,0.54,0.62,5,114.2,101.9
,Goga Bitadze,Ind,C-F,20.56,42,8.6,17.9,17.2,14.2,29,0.69,83,0.578,25,0.16,0.5,0.53,3,2,13,0.5,7.2,0.07,0.64,0.48,6.7,101.9,97.5
,Bismack Biyombo,Cha,C,27.45,44,19.1,39.8,16.9,12,123,0.618,232,0.534,0,0,0.534,0.566,7.4,5.8,16.5,0.8,7,0.2,0.82,0.89,6.8,114.7,103.9
,Nemanja Bjelica,Sac,F,31.75,52,28.4,59.3,17.7,12.9,56,0.857,258,0.523,239,0.448,0.595,0.612,12.3,6.3,12.5,2.8,15,0.88,0.6,1.48,8.5,118.9,102.5
,Eric Bledsoe,Mil,G,30.17,44,27,56.2,24.1,14.8,150,0.82,368,0.538,158,0.335,0.528,0.573,15.4,4.7,8.6,5.3,28,0.91,0.5,2.34,10.8,112.8,97.2
,Bojan Bogdanovic,Uta,F,30.81,51,33.2,69.2,25.9,13.1,225,0.898,391,0.481,384,0.424,0.558,0.61,20.9,4.1,6.7,2.1,10,0.59,0.12,2.59,6.8,111.3,107
,Bogdan Bogdanovic,Sac,G,27.48,41,28.2,58.7,23,12.2,80,0.688,211,0.512,288,0.378,0.544,0.56,14.6,3.1,6.2,3.2,17.6,0.98,0.24,1.8,7.4,107.1,108.1
,Jonah Bolden,Phi,F,24.1,4,3.6,7.4,17.7,34,2,0,2,1,1,0,0.667,0.515,1,0.3,3.8,0,0,0.25,0,0.5,0,,
,Marques Bolden,Cle,C,21.82,1,2.8,5.8,0,,0,0,0,0,0,0,,,0,2,39.5,0,0,1,0,0,0,,
,Jordan Bone,Det,G,22.26,9,5.3,11.1,17.2,10.5,0,0,9,0.333,8,0,0.176,0.176,0.7,0.1,1.2,0.9,21.9,0.11,0,0.22,3,57.6,105.9
,Isaac Bonga,Was,G,20.26,46,17.8,37,10.2,15.4,55,0.782,106,0.575,40,0.375,0.572,0.617,4.6,3.2,9.8,1.1,7.6,0.67,0.33,0.67,5.7,121,106.3
,Devin Booker,Pho,G,23.28,50,35.9,74.9,29.6,15.6,361,0.92,630,0.562,270,0.367,0.558,0.631,26.7,4.2,6.4,6.3,29.5,0.72,0.24,3.9,9.9,115.9,107.1
,Chris Boucher,Tor,F-C,27.08,45,13,27.1,20,7,89,0.775,137,0.562,78,0.282,0.512,0.569,6.4,4.4,17.7,0.4,5.1,0.4,0.93,0.42,6.9,121.9,92.3
,Brian Bowen II,Ind,F-G,21.36,3,3.2,6.7,18.2,0,0,0,3,0.333,1,0,0.25,0.25,0.7,0.3,5.7,0,0,0,0.33,0,0,,
,Ky Bowman,Gol,G,22.65,38,22.5,46.9,16.8,15.7,35,0.829,178,0.438,92,0.337,0.461,0.487,7.3,2.5,5.9,3.1,20.3,0.97,0.16,1.39,6.8,97.2,107
,Avery Bradley,Lal,G,29.21,37,23.2,48.2,16,11.1,18,0.833,171,0.52,110,0.355,0.525,0.536,8.4,2.3,5.5,1.2,6.7,0.81,0.08,0.97,4.9,102.7,101.6
,Tony Bradley,Uta,C-F,22,39,10.2,21.2,16.5,12.7,31,0.613,117,0.632,0,0,0.632,0.639,4.3,4.2,22.2,0.3,3.9,0.26,0.38,0.49,6.9,127,87.3
,Jarrell Brantley,Uta,F,23.67,3,3.7,7.8,3.9,100,0,0,0,0,0,0,,,0,1.7,24.2,0.3,10.7,0,0.67,0.33,0,,
,Ignas Brazdeikis,Nyk,F,21.09,9,5.9,12.3,20.8,7.6,5,0.8,13,0.385,9,0.111,0.295,0.351,1.9,0.6,5,0.4,10.6,0,0.11,0.22,5.2,81.7,114.7
,Miles Bridges,Cha,F,21.89,52,30.6,63.7,19.3,11.3,95,0.789,348,0.509,231,0.342,0.51,0.536,12.8,5.6,9.9,1.7,9.2,0.62,0.73,1.52,6.5,104.3,109.8
,Mikal Bridges,Pho,F,23.45,53,25.5,53.1,12.3,12.7,87,0.816,195,0.605,109,0.321,0.561,0.602,7.8,3.9,8.5,1.6,8.5,1.47,0.55,0.94,5.7,115.7,104.4
,Oshae Brissett,Tor,F-G,21.64,17,7.5,15.7,14.9,15.7,8,0.75,19,0.474,15,0.2,0.397,0.44,1.9,1.4,9.4,0.3,5.2,0.24,0.06,0.41,4.9,90.9,95.7
,Ryan Broekhoff,Dal,G-F,29.47,17,10.6,22.1,16.3,8.8,8,0.875,8,0.25,51,0.392,0.542,0.568,4.2,2.5,12.5,0.6,8.3,0.29,0.24,0.35,7,115.1,103.3
,Malcolm Brogdon,Ind,G,27.16,39,30.7,63.9,25.9,14.1,135,0.904,380,0.487,165,0.333,0.491,0.544,16.8,4.7,8.5,7.3,35.5,0.69,0.21,2.54,10.8,110.8,107.3
,Dillon Brooks,Mem,G-F,24.05,53,28.4,59.2,24.4,9.9,145,0.834,447,0.438,282,0.383,0.491,0.528,15.8,3.4,6.4,2.1,10.5,0.96,0.42,1.64,6.8,102.7,102.9
,Charles Brown Jr.,Atl,G,22.02,10,4.1,8.4,24.8,12.4,5,1,10,0.3,9,0.333,0.395,0.472,2,0.4,5.3,0.2,7.3,0.2,0.2,0.3,5.3,92.9,112
,Troy Brown Jr.,Was,G-F,20.54,48,26.2,54.5,16.9,9.8,91,0.758,305,0.511,115,0.339,0.511,0.541,10.4,5.7,11.9,2.2,11.8,1.23,0.1,1.04,7.7,110.7,110.9
,Bruce Brown,Det,G-F,23.49,52,27.7,57.8,16,16.9,115,0.73,305,0.469,87,0.345,0.48,0.52,8.8,4.3,8.7,3.9,19.9,1.19,0.56,1.73,7.6,105.8,104.5
,Jaylen Brown,Bos,F-G,23.29,43,33.7,70.1,24.6,12.1,189,0.746,419,0.558,231,0.377,0.561,0.593,20.2,6.5,10.3,2.2,10.4,1.12,0.26,2.35,7.8,111,100.6
,Moses Brown,Por,C,20.33,7,3.3,6.8,25.4,21.8,4,0.5,9,0.444,0,0,0.444,0.465,1.4,1.6,24.7,0,0,0.14,0,0.43,0,,
,Sterling Brown,Mil,G-F,25,35,14.6,30.4,16.7,14.1,30,0.767,80,0.425,84,0.321,0.454,0.485,4.9,3.8,12.8,0.9,8.1,0.54,0.11,0.83,7,96.4,96
,Jalen Brunson,Dal,G,23.44,53,18.2,37.8,20.7,13.5,72,0.819,256,0.512,115,0.365,0.523,0.555,8.4,2.5,7.1,3.3,26.8,0.4,0.08,1.19,9,114.5,107.8
,Thomas Bryant,Was,C-F,22.53,29,25.5,53.1,18.6,12.4,75,0.747,213,0.638,44,0.341,0.617,0.643,12.9,7.4,15.8,2.2,12.8,0.34,0.9,1.41,9.3,123.4,110
,Reggie Bullock,Nyk,G-F,28.9,20,26,54.2,16.8,5.4,15,0.867,93,0.495,95,0.337,0.5,0.516,10.1,2.5,5.1,1.6,8.9,1.1,0,0.55,5.3,108.6,108.1
,Trey Burke,Phi,G,27.24,25,13.1,27.4,19.3,8.2,18,0.722,89,0.483,38,0.421,0.528,0.545,5.9,1.4,5.7,2.1,24.3,0.28,0.04,0.48,7.9,117.4,107
,Alec Burks,Gol,G,28.56,48,29,60.3,23.7,9.8,224,0.897,377,0.424,224,0.375,0.476,0.552,16.1,4.7,8.7,3.1,17.5,1.02,0.33,1.58,8.5,110.5,108.7
,Deonte Burton,Okc,G-F,26.03,30,8.5,17.6,18.6,8.4,12,0.5,54,0.5,39,0.179,0.403,0.412,2.7,1.3,8.5,0.3,5.7,0.1,0.3,0.3,4.8,83.5,101.9
,Jimmy Butler,Mia,F,30.41,44,34.4,71.8,25.2,11.4,412,0.837,477,0.497,110,0.255,0.475,0.588,20.5,6.7,10.9,6.3,28.5,1.77,0.55,2.25,11.1,123.5,106.4
,Bruno Caboclo,Mem,F,24.39,22,8.7,18.2,16.8,9.1,3,0.667,44,0.545,25,0.16,0.435,0.441,2.8,2,12.2,0.5,7,0.45,0.55,0.32,6.5,96.5,101.4
,Kentavious Caldwell-Pope,Lal,G,26.98,51,25.2,52.5,14.7,9.9,79,0.81,193,0.523,174,0.414,0.569,0.6,9.5,2.1,4.6,1.7,9.1,0.73,0.22,0.86,5.1,118.6,105.8
,Vlatko Cancar,Den,F,22.84,11,3.5,7.2,17.9,19,4,1,6,0.667,5,0.2,0.5,0.588,1.4,0.7,11.5,0.3,10.9,0.09,0.09,0.27,7.6,,
,Clint Capela,Hou,C,25.73,39,32.8,68.3,16,12.7,104,0.529,388,0.629,0,0,0.629,0.626,13.9,13.8,21.9,1.2,5.6,0.87,1.79,1.62,7.5,123.4,101.8
,DeMarre Carroll,San,F,33.54,15,9,18.8,15.3,20.9,20,0.6,16,0.375,13,0.231,0.362,0.437,2.2,2.1,12.3,0.7,10.2,0.13,0.13,0.67,6.6,88.1,100.5
,Wendell Carter Jr.,Chi,C-F,20.82,37,30,62.4,16.5,14.5,129,0.736,281,0.569,28,0.214,0.547,0.592,11.7,9.9,18,1.2,6,0.81,0.89,1.68,6.9,115.5,98.1
,Jevon Carter,Pho,G,24.41,38,14.2,29.6,13.7,14.9,16,0.813,65,0.369,76,0.395,0.489,0.51,4,1.9,7.3,1.4,12.9,0.74,0.29,0.68,6.2,102.3,103.5
,Vince Carter,Atl,G-F,43.04,47,15.4,32.2,16.9,10.1,29,0.793,84,0.488,169,0.278,0.441,0.463,5.2,2.2,7.8,0.9,8.6,0.4,0.51,0.64,5.7,92.7,108
,Michael Carter-Williams,Orl,G,28.34,30,17.8,37,18.4,12.5,56,0.768,126,0.484,46,0.261,0.459,0.511,6.7,2.9,8.7,2.6,22.7,1.1,0.47,0.93,8.3,108.7,99.8
,Alex Caruso,Lal,G,25.95,48,18.4,38.2,13.6,14.1,63,0.794,125,0.456,91,0.363,0.493,0.54,5.5,1.8,5.5,1.8,12.1,1.06,0.27,0.83,5.7,107.7,101.2
,Willie Cauley-Stein,Gol,C,26.48,42,22.7,47.3,14.3,10.9,57,0.614,261,0.559,0,0,0.559,0.572,7.8,6.1,14.5,1.5,10,1.14,1.19,0.83,7.3,114.3,102.7
,Willie Cauley-Stein,Dal,C,26.48,6,15,31.1,14,13.6,3,0.667,24,0.667,0,0,0.667,0.671,5.7,6,21,1,9.9,0.33,1.33,0.67,8.7,127.6,93.6
,Tyson Chandler,Hou,C,37.36,26,8.4,17.6,5.9,25.2,13,0.462,18,0.778,0,0,0.778,0.717,1.3,2.5,15.7,0.2,3.5,0.23,0.31,0.31,4.1,133.1,97.8
,Wilson Chandler,Bro,F,32.75,23,20.6,43,13.9,16.5,19,0.895,46,0.674,77,0.299,0.533,0.563,6.4,4.5,11.1,1.3,8.6,0.61,0.35,1.13,6.5,102.3,98.9
,Zylan Cheatham,Nor,F,24.23,3,10.2,21.3,10.7,37.5,0,0,4,0.5,1,0,0.4,0.4,1.3,2,10.3,0.7,8.1,0,0.33,1,4.8,66.8,100.4
,Chris Chiozza,Was,G,24.22,10,12.3,25.5,14.6,20.9,0,0,18,0.167,16,0.438,0.397,0.397,2.7,1.5,6.6,2.8,28.6,1,0.2,0.9,7.3,91.2,107.7
,Chris Chiozza,Bro,G,24.22,4,5.9,12.2,17.9,10,0,0,4,0.5,5,0.2,0.389,0.389,1.8,0.8,6.6,1.5,36.6,0.5,0,0.25,8.8,98.9,109.1
,Marquese Chriss,Gol,F,22.61,48,18.8,39.1,18.8,15.3,112,0.759,256,0.566,32,0.25,0.545,0.591,8.3,5.5,15.7,1.7,14.5,0.63,1.02,1.27,9.1,113.9,104.4
,Brandon Clarke,Mem,F-G,23.39,46,21.8,45.4,19,9.6,87,0.805,324,0.648,50,0.42,0.646,0.671,12,5.7,13.9,1.4,9.9,0.52,0.83,0.96,8.4,126.8,106.4
,Gary Clark,Hou,F,25.23,19,12.2,25.4,12.4,2.9,7,0.857,10,0.7,55,0.364,0.569,0.588,4.2,2.3,9.9,0.6,7,0.11,0.42,0.11,5.9,130.5,106.1
,Gary Clark,Orl,F,25.23,9,12.9,26.9,9.3,8,2,1,3,0.667,19,0.316,0.5,0.524,2.7,3.1,12.7,0.1,1.2,0.22,0.44,0.22,2.9,114,107
,Jordan Clarkson,Cle,G,27.67,29,23,47.8,25.8,9.7,86,0.884,167,0.509,159,0.371,0.532,0.581,14.6,2.4,5.7,2.4,17.2,0.59,0.28,1.34,7.6,115.7,115.5
,Jordan Clarkson,Uta,G,27.67,22,25.2,52.5,25.2,6.6,42,0.738,149,0.564,131,0.366,0.557,0.575,15.6,2.6,5.6,1.4,9,0.64,0.23,0.95,6.1,112,106.6
,Nicolas Claxton,Bro,F-C,20.82,14,13.1,27.3,14.4,14.2,19,0.474,39,0.641,7,0.143,0.576,0.57,4.4,3.1,12,1.1,12.7,0.07,0.57,0.64,7.5,116.2,105.5
,Chris Clemons,Hou,G,22.55,27,9.1,18.9,24.2,11.8,7,0.857,31,0.548,93,0.355,0.536,0.547,5.1,0.9,4.9,0.8,13.2,0.19,0.15,0.63,6.8,103.4,107.7
,Antonius Cleveland,Dal,G,26.03,6,3.7,7.8,15,12.7,2,0.5,5,0.4,1,0,0.333,0.363,0.8,0.5,7,0,0,0.17,0.17,0.17,0,,
,Amir Coffey,Lac,G-F,22.65,4,10.1,21,18.9,10.8,1,0,12,0.667,4,0.25,0.594,0.578,4.8,1.5,7.6,0.8,11.6,0.25,0.25,0.5,7.1,110.1,104.6
,John Collins,Atl,F,22.38,28,32.1,67,23.1,9.6,92,0.804,311,0.63,102,0.353,0.605,0.633,20.5,10.5,17.6,1.3,7,0.64,1.68,1.71,8.2,119.2,103.7
,Zach Collins,Por,F-C,22.23,3,28.8,60,13.6,21.7,6,1,12,0.5,7,0.429,0.553,0.624,9,4,7.2,2,9.1,0,0.67,2,5.8,111.5,107.2
,Mike Conley,Uta,G,32.33,32,27.9,58.2,23.6,12.2,100,0.78,222,0.414,158,0.361,0.467,0.511,13.5,3.2,6.3,4.2,22.2,0.72,0.13,1.84,8.1,105.2,103.8
,Pat Connaughton,Mil,G,27.09,48,17.9,37.2,12.1,15.1,25,0.72,100,0.6,103,0.311,0.532,0.547,4.9,4.3,11.8,1.6,10.8,0.31,0.54,0.79,7.2,109.9,99.4
,Quinn Cook,Lal,G,26.89,33,11.6,24.1,20.5,12.4,9,0.667,100,0.48,58,0.397,0.522,0.528,5.2,1.2,5.5,1.1,13.7,0.3,0.03,0.7,6.6,101.6,107.2
,Tyler Cook,Cle,F,22.38,11,3.2,6.6,16.7,7.3,6,0.833,10,0.7,0,0,0.7,0.752,1.7,0.9,15.8,0.1,4.6,0.09,0,0.09,6.7,,
,Robert Covington,Min,F,29.16,48,29.4,61.2,17.9,12,94,0.798,184,0.587,312,0.346,0.544,0.572,12.8,6,10.6,1.2,5.9,1.67,0.94,1.52,6.1,105.8,101.7
,Robert Covington,Hou,F,29.16,3,29.8,62,16.1,11.4,0,0,7,0.714,24,0.375,0.597,0.597,12.3,6,10.5,1.3,6.4,1,1,1.33,6.1,115.2,101.2
,Allen Crabbe,Atl,G-F,27.84,28,18.6,38.8,12.7,7.5,12,0.75,50,0.44,93,0.323,0.469,0.482,5.1,2.3,6.6,1,7.4,0.54,0.14,0.43,4.9,99.8,112.2
,Allen Crabbe,Min,G-F,27.84,6,15.4,32.2,12,14.9,2,0.5,6,0.667,16,0.25,0.455,0.459,3.5,1.2,4,0.8,7.3,0,0,0.67,3.9,86.4,109.7
,Torrey Craig,Den,F,29.14,40,17.5,36.4,12,9.2,29,0.621,82,0.598,82,0.305,0.527,0.54,4.8,3.2,10,0.6,4.6,0.35,0.68,0.45,4.8,110.9,99.1
,Jae Crowder,Mem,F,29.6,45,29.4,61.2,15.6,10.9,95,0.789,133,0.519,266,0.293,0.466,0.507,9.9,6.2,11.1,2.8,12.1,1.04,0.31,1.2,7.6,104.8,107.6
,Jarrett Culver,Min,G-F,20.97,50,24.6,51.3,19.4,11.8,95,0.453,285,0.456,183,0.273,0.438,0.444,9.1,3.4,7.3,1.9,11.3,0.98,0.7,1.36,6.3,91.1,107.3
,Seth Curry,Dal,G,29.47,49,23.2,48.2,18.6,9.1,69,0.884,178,0.528,239,0.427,0.592,0.62,11.3,2.2,5,1.9,11.7,0.57,0.16,0.92,6.2,121.6,108.8
,Stephen Curry,Gol,G,31.91,4,28,58.4,33.8,16.9,18,1,29,0.621,37,0.243,0.477,0.548,20.3,5,9.6,6.5,41.9,1.25,0.5,3.75,12.4,104.6,106.6
,Troy Daniels,Lal,G,28.57,38,11.6,24.2,15.7,5.5,15,0.667,45,0.467,103,0.369,0.527,0.537,4.4,1.1,5.2,0.4,4.2,0.21,0.08,0.24,4.3,109.5,106.5
,Anthony Davis,Lal,F-C,26.92,44,34.6,72.1,29.1,10.1,358,0.858,639,0.565,146,0.315,0.548,0.619,26.5,9.2,14.6,3.3,15.1,1.57,2.41,2.41,10.8,122,100.6
,Ed Davis,Uta,F,30.68,25,10.7,22.3,8.5,25.1,11,0.455,34,0.412,0,0,0.412,0.425,1.3,3.8,19.2,0.3,3.8,0.4,0.36,0.52,4.3,97.6,85.5
,Terence Davis,Tor,G,22.74,53,17.4,36.3,18.4,13.4,40,0.9,142,0.563,184,0.429,0.609,0.63,8.2,3.6,10.8,1.8,15.4,0.57,0.21,1,8.6,118.4,98.8
,Dewayne Dedmon,Sac,C,30.5,34,15.9,33.1,18.6,20.4,28,0.821,100,0.55,71,0.197,0.444,0.477,5.1,4.9,17.5,0.4,4,0.44,0.76,1.38,5.4,88.3,93.6
,Matthew Dellavedova,Cle,G,29.42,46,12.3,25.6,13.7,22.6,28,0.893,61,0.508,67,0.164,0.371,0.428,2.6,1.1,5.1,2.6,28.2,0.35,0.02,0.89,6.3,97.7,108.8
,DeMar DeRozan,San,F,30.51,52,34.3,71.4,27.1,11.5,352,0.844,805,0.543,29,0.276,0.538,0.604,23,5.7,8.8,5.2,24.4,1.06,0.23,2.46,10.3,117.7,107.6
,Cheick Diallo,Pho,F-C,23.41,36,10,20.8,17.1,16.6,34,0.853,104,0.654,2,0.5,0.656,0.694,4.7,2.8,15.5,0.5,7.2,0.22,0.28,0.67,7.5,120.5,99.8
,Hamidou Diallo,Okc,G,21.53,31,19.3,40.2,17.7,13.3,39,0.667,162,0.494,29,0.172,0.458,0.483,6.5,3.5,9.9,0.6,4.4,0.81,0.19,1.03,5,92,99
,Gorgui Dieng,Min,C,30.06,46,16.9,35.2,18.4,12.7,59,0.797,157,0.497,120,0.383,0.531,0.563,7.4,5.6,17.2,1.3,11.3,0.8,0.91,0.96,8.9,112.3,99.6
,Spencer Dinwiddie,Bro,G,26.85,51,31.1,64.8,29.9,12.4,343,0.773,526,0.483,316,0.316,0.48,0.54,21,3.4,5.6,6.5,34.3,0.69,0.31,2.76,10,110.1,104.1
,Donte DiVincenzo,Mil,G,23.03,47,22.7,47.4,16.8,13.1,56,0.768,186,0.559,169,0.337,0.534,0.556,9,4.7,10,2.3,13.1,1.51,0.28,1.21,8.1,109.8,95.3
,Luka Doncic,Dal,G-F,20.95,43,32.8,68.4,37.3,14.6,388,0.763,487,0.579,392,0.321,0.536,0.59,28.8,9.5,15.1,8.7,46.5,1.02,0.16,4.19,16.3,117.4,103.1
,Luguentz Dort,Okc,G,20.81,18,20.7,43,13.5,10.6,22,0.727,48,0.479,44,0.318,0.478,0.511,5.8,1.4,3.7,0.7,4.4,0.78,0.06,0.67,3.4,100.3,99
,Damyean Dotson,Nyk,G,25.77,44,17.6,36.8,16.4,6.7,32,0.688,116,0.509,150,0.36,0.526,0.539,6.9,1.8,5.5,1.2,10,0.48,0.09,0.45,5.6,110.3,112.5
,Sekou Doumbouya,Det,F,19.13,27,20,41.6,17.4,13,38,0.711,101,0.475,70,0.314,0.474,0.503,7,3.3,9.4,0.4,2.9,0.56,0.26,1.04,4.2,93.4,104.1
,PJ Dozier,Den,G-F,23.29,13,14.4,30,21,11,9,0.667,52,0.481,25,0.24,0.442,0.457,5.7,2.1,7.9,1.8,17.8,0.46,0.38,0.77,7.7,96.4,99.3
,Goran Dragic,Mia,G,33.77,41,28.2,58.7,25.7,15.4,158,0.759,260,0.496,241,0.394,0.542,0.581,16.2,3,5.9,5,28.9,0.63,0.17,2.54,8.9,110.6,106.9
,Andre Drummond,Det,C,26.5,49,33.7,70.3,25.3,18,255,0.584,658,0.546,21,0.048,0.531,0.55,17.8,15.8,26.5,2.8,13.8,1.98,1.67,3.55,11,104.3,97
,Jared Dudley,Lal,F,34.59,35,8.4,17.4,7.6,11.3,2,1,14,0.286,32,0.5,0.609,0.619,1.7,1.1,7.1,0.5,7.5,0.31,0.09,0.17,4.7,122.9,98.4
,Kris Dunn,Chi,G,25.9,51,24.9,51.8,14.6,15.7,54,0.741,230,0.535,112,0.259,0.487,0.51,7.3,3.7,8,3.4,19.8,1.96,0.35,1.33,7.2,103.6,97.8
,Carsen Edwards,Bos,G,21.92,31,9.5,19.8,18,12.1,13,0.846,41,0.341,62,0.306,0.413,0.442,3.1,1.3,7.3,0.7,10,0.32,0.1,0.48,5.9,90.8,101.3
,Henry Ellenson,Bro,F-C,23.07,5,3,6.3,19.4,0,0,0,3,0.333,4,0,0.143,0.143,0.4,1.2,20.4,0.2,8.7,0,0,0,6.1,,
,Wayne Ellington,Nyk,G,32.2,27,15.3,32,15.3,10,10,0.8,25,0.4,105,0.352,0.504,0.517,5.1,1.7,5.9,1,9.2,0.41,0.07,0.56,5.4,103.3,110.5
,Joel Embiid,Phi,C-F,25.9,38,30.5,63.6,31.9,13.5,312,0.814,458,0.509,147,0.333,0.507,0.584,22.8,12,21.6,3.2,17.7,0.79,1.39,3.05,12.5,112.3,95.1
,James Ennis III,Phi,F,29.61,49,15.8,33,15.7,10.6,61,0.787,120,0.525,106,0.349,0.524,0.564,5.8,3.1,10.6,0.8,7.4,0.45,0.31,0.61,6.2,113.1,99.8
,Drew Eubanks,San,F-C,23.02,8,5.2,10.9,22,23.5,3,1,15,0.667,0,0,0.667,0.705,2.9,2.1,21.7,0.3,7.6,0,0.13,0.63,9.4,115.5,102.5
,Jacob Evans,Gol,G-F,22.65,27,15.3,31.9,17.6,14.6,29,0.862,95,0.337,38,0.342,0.387,0.439,4.7,1.5,5.3,1.1,10.9,0.41,0.44,0.93,5.2,86.5,108.4
,Jacob Evans,Min,G-F,22.65,1,1.1,2.3,0,,0,0,0,0,0,0,,,0,0,0,0,0,0,0,0,0,,
,Dante Exum,Uta,G,24.58,11,7.6,15.8,17.8,29.5,2,1,17,0.471,6,0.333,0.478,0.503,2.2,1.1,7.8,0.6,11.7,0.09,0.18,0.91,6,83,102.5
,Dante Exum,Cle,G,24.58,20,16.4,34.2,14.8,15.8,34,0.706,53,0.547,28,0.286,0.506,0.552,5.3,2.1,7.1,1.5,12.4,0.5,0.15,0.9,6.2,106.3,112
,Tacko Fall,Bos,C,24.17,6,4,8.4,28.9,18.4,3,0.333,12,0.75,0,0,0.75,0.713,3.2,1.8,24.6,0,0,0.17,0.33,0.5,0,98.3,77.9
,Derrick Favors,Nor,F,28.57,34,24.1,50.1,15.2,14.9,53,0.604,229,0.638,5,0.2,0.63,0.635,9.6,10,21.8,1.8,11,0.56,1.03,1.32,9.2,124.1,103.3
,Cristiano Felicio,Chi,F-C,27.59,14,17.4,36.3,9.6,20,18,0.778,34,0.676,2,0,0.639,0.683,4.3,4.6,14.3,0.5,4,0.43,0.07,0.79,4.9,129.5,105.6
,Terrance Ferguson,Okc,G,21.74,39,25.3,52.7,9,12.9,13,0.769,39,0.641,131,0.313,0.509,0.521,4.7,1.7,3.7,0.9,4.9,0.56,0.31,0.67,3.1,101.8,101.1
,Bruno Fernando,Atl,F-C,21.49,44,12.3,25.5,15.9,19.3,39,0.615,119,0.605,31,0.129,0.52,0.538,4.1,3.3,14.7,0.9,10.3,0.34,0.34,0.91,7.5,102.6,100.3
,Yogi Ferrell,Sac,G,26.76,40,11.2,23.4,18.8,11.9,35,0.857,93,0.495,62,0.306,0.481,0.525,4.5,1.1,5.5,1.4,18,0.33,0.1,0.58,6.8,106.9,110.2
,Dorian Finney-Smith,Dal,F,26.77,53,29.8,62,12.8,11,83,0.723,164,0.573,221,0.385,0.575,0.597,9.5,5.6,9.8,1.5,6.8,0.68,0.55,0.98,5.8,121.8,107
,Bryn Forbes,San,G,26.55,52,25.3,52.8,18.7,8.1,68,0.824,173,0.468,321,0.371,0.525,0.549,11.1,2,4.3,1.9,10.4,0.54,0,0.88,5.5,107.4,111
,Evan Fournier,Orl,G-F,27.28,52,31.6,65.8,24.5,11.4,181,0.829,402,0.505,338,0.405,0.552,0.59,18.6,2.7,4.5,3.2,17.6,1.04,0.17,2.02,6.9,110.7,104.2
,De'Aaron Fox,Sac,G,22.14,34,31.5,65.6,29.6,15.9,223,0.677,405,0.526,107,0.308,0.513,0.554,19.9,4.1,7.4,6.9,37,1.53,0.53,3.38,10.5,108.6,104.7
,Melvin Frazier Jr.,Orl,G-F,23.45,14,3.4,7.1,18.8,9.6,4,0.5,10,0.2,7,0.571,0.471,0.48,1.3,0.3,4.4,0.1,3.1,0.29,0.14,0.14,4,,
,Michael Frazier,Hou,G,25.93,6,9.8,20.3,9.6,14.7,6,0.667,2,0.5,7,0.286,0.444,0.515,2,0.5,2.7,0.2,2.1,0.33,0,0.33,2.4,98.2,97.4
,Tim Frazier,Det,G,29.28,27,13.1,27.4,17.2,25.6,24,0.792,64,0.375,30,0.333,0.415,0.464,3.6,1.2,5.2,3.4,36,0.52,0.11,1.33,7.5,99.2,104.2
,Markelle Fultz,Orl,G,21.7,52,28,58.3,21,15.7,112,0.741,449,0.501,93,0.269,0.484,0.514,11.7,3.5,6.6,4.8,27.8,1.29,0.19,2.12,8.3,101.6,103.7
,Wenyen Gabriel,Sac,F,22.88,11,5.6,11.6,18.8,18.9,10,0.6,9,0.556,8,0.125,0.382,0.444,1.7,0.9,9.2,0.3,6.7,0.27,0.18,0.45,5.5,86.7,102.5
,Wenyen Gabriel,Por,F,22.88,5,8.5,17.7,9,22.2,0,0,5,0.2,2,0,0.143,0.143,0.4,1.2,7.3,0.2,2.8,0.4,0.4,0.4,2.2,45.8,97.5
,Daniel Gafford,Chi,F-C,21.36,33,12.7,26.5,13.7,13.4,38,0.526,100,0.67,0,0,0.67,0.66,4.7,2.4,10.1,0.4,5.1,0.27,1.27,0.55,5.2,122.8,100
,Danilo Gallinari,Okc,F,31.51,45,30.7,63.9,24.2,7.9,218,0.904,270,0.485,332,0.407,0.554,0.619,19.2,5.7,10.2,2.3,11.7,0.64,0.09,1.33,8.2,121.3,107.2
,Langston Galloway,Det,G,28.17,55,25.9,54,15.5,6.5,74,0.851,170,0.488,273,0.399,0.556,0.585,10.1,2.1,4.7,1.5,8.3,0.73,0.16,0.6,4.9,117.4,111.9
,Darius Garland,Cle,G,20.04,52,30.5,63.5,21,17.6,67,0.866,341,0.425,271,0.354,0.472,0.496,12.2,1.9,3.5,3.8,18.4,0.71,0.02,2.63,5.8,94.6,116.1
,Marc Gasol,Tor,C,35.03,35,27.8,58,12.8,14.8,36,0.722,107,0.449,124,0.403,0.532,0.551,7.8,6.4,12.1,3.5,16.9,0.8,0.94,1.23,8,112.7,96.8
,Rudy Gay,San,F-G,33.48,49,21.2,44.1,20.8,13.6,94,0.862,242,0.517,147,0.313,0.499,0.545,9.6,5.4,13.5,1.7,11.5,0.43,0.47,1.39,8.4,104.1,107.9
,Paul George,Lac,F,29.78,32,29.7,61.9,31,13.9,152,0.908,272,0.471,276,0.399,0.535,0.589,22.6,6.1,10.5,4,21.7,1.41,0.5,3.09,11,109.9,99.9
,Taj Gibson,Nyk,F,34.63,51,16.6,34.6,14.6,13.1,40,0.7,224,0.585,11,0.273,0.577,0.592,5.9,4.3,13.8,0.9,8.4,0.45,0.43,0.75,6.8,117.2,102.6
,Harry Giles III,Sac,F-C,21.8,26,12,25.1,20.4,15.7,19,0.842,115,0.53,0,0,0.53,0.559,5.3,3.3,15.3,1.2,15.7,0.5,0.35,0.88,9.2,107.4,91.8
,Shai Gilgeous-Alexander,Okc,G-F,21.58,53,35.6,74.1,24.1,10.1,274,0.81,618,0.502,188,0.346,0.506,0.56,19.6,6.2,9.6,3.2,14.2,1.17,0.68,1.96,8.2,109.9,105.9
,Rudy Gobert,Uta,C,27.62,50,34.5,71.9,16.8,14.8,303,0.611,431,0.687,0,0,0.687,0.688,15.5,14.5,22.8,1.6,6.8,0.66,1.94,1.96,8.2,129.4,97.5
,Brandon Goodwin,Atl,G,24.36,24,13.9,29,23.2,13.4,24,1,83,0.458,68,0.324,0.47,0.514,6.9,2.5,9.5,1.6,18,0.46,0.17,1.04,8.7,100.1,107.5
,Aaron Gordon,Orl,F,24.4,47,31.9,66.5,20.9,10.1,156,0.654,392,0.48,188,0.293,0.466,0.496,13.7,7.3,12.1,3,15,0.79,0.47,1.55,8.4,102.1,103.9
,Eric Gordon,Hou,G,31.12,28,29.4,61.2,22,6.3,89,0.73,127,0.457,247,0.332,0.484,0.517,15.3,2,3.5,1.5,7.3,0.61,0.36,1,4.9,104.7,109.8
,Devonte' Graham,Cha,G,24.97,52,35.2,73.3,24.5,14.8,192,0.818,300,0.38,488,0.377,0.495,0.537,18,3.5,5.5,7.7,36,0.9,0.25,2.92,8.9,109.5,112.8
,Treveon Graham,Min,G-F,26.29,33,20.1,41.9,13.2,9,37,0.73,93,0.452,83,0.241,0.409,0.445,5.2,3.1,8,0.9,6.2,0.52,0.06,0.58,4.9,96.4,106
,Treveon Graham,Atl,G-F,26.29,11,10.5,22,12,11.9,8,0.75,9,0.333,17,0.294,0.404,0.457,2.5,1.9,9.7,0.1,1.1,0.27,0.27,0.36,3,91.6,104.9
,Jerami Grant,Den,F,25.92,52,26.1,54.4,17.4,7.7,137,0.723,267,0.517,177,0.395,0.547,0.58,11.3,3.6,7.5,1.1,6.2,0.65,0.9,0.81,5.4,115.4,104.9
,Josh Gray,Nor,G,26.42,2,11.4,23.6,12.7,71.4,0,0,2,0.5,0,0,0.5,0.5,1,1,4.6,1,10.7,0,0,2.5,3.5,47.1,116.2
,Danny Green,Lal,G,32.64,50,25,52.2,14.6,10.4,44,0.727,114,0.518,254,0.382,0.556,0.569,8.8,3.6,7.8,1.4,7.1,1.24,0.46,0.9,5.7,111.4,101.3
,Draymond Green,Gol,F,29.94,39,29,60.5,15.8,20.5,80,0.75,178,0.466,120,0.283,0.45,0.492,8.4,6.3,11.6,6.1,30.3,1.44,0.82,2.21,9.5,100.9,104.5
,JaMychal Green,Lac,F-C,29.64,44,21,43.8,13.8,13,40,0.725,81,0.494,170,0.359,0.524,0.544,6.6,6.4,15.7,0.8,4.9,0.5,0.39,0.91,6.2,107.9,95.2
,Javonte Green,Bos,G-F,26.55,41,9.1,19,14.3,12.7,36,0.639,71,0.592,23,0.261,0.543,0.569,3,1.7,9.9,0.5,7.7,0.54,0.12,0.39,6,111.4,98.6
,Jeff Green,Uta,F,33.45,30,18.4,38.4,19.7,10.8,63,0.778,91,0.451,104,0.327,0.472,0.523,7.8,2.7,7.9,0.7,5.2,0.4,0.33,0.9,5.3,101.4,102.9
,Blake Griffin,Det,F,30.9,18,28.5,59.3,28.2,12,98,0.776,139,0.439,111,0.243,0.406,0.476,15.5,4.7,9.3,3.3,17.7,0.39,0.39,2.22,8.7,97.1,111
,Marko Guduric,Mem,G,24.93,33,13.2,27.4,17.5,18.7,23,0.913,67,0.478,71,0.296,0.46,0.5,4.5,1.9,7.6,1.2,11.9,0.33,0.21,1.03,6.6,92.8,109.2
,Kyle Guy,Sac,G,22.5,2,2,4.2,21.8,0,0,0,1,1,1,0,0.5,0.5,1,0,0,0,0,0,0,0,0,,
,Rui Hachimura,Was,F,22,28,28.9,60.2,19.8,6.2,60,0.817,282,0.532,54,0.241,0.504,0.535,13.9,6.1,11.4,1.5,7.6,0.71,0.11,0.86,7,110.4,112.4
,Devon Hall,Okc,G,24.6,5,3.9,8.2,17.4,12.9,4,0.75,3,0.333,2,0,0.2,0.37,1,0.2,2.8,0.6,19.6,0,0,0.2,5.1,,
,Tim Hardaway Jr.,Dal,G,27.9,50,27.1,56.4,21.5,7.1,106,0.811,251,0.458,334,0.398,0.538,0.566,14.3,3,5.7,1.9,10.3,0.6,0.08,0.96,6.4,114.1,108.9
,James Harden,Hou,G,30.46,50,37,77.2,36.5,13.4,594,0.867,526,0.534,638,0.356,0.534,0.617,35.2,6.5,9.1,7.3,34.1,1.64,0.96,4.4,12.8,120.2,103.6
,Maurice Harkless,Lac,F-G,26.75,50,22.8,47.5,10.2,16.3,42,0.571,144,0.59,73,0.37,0.578,0.584,5.5,4,9,1,5.5,0.96,0.6,0.92,4.9,108.6,99.3
,Jared Harper,Pho,G,22.41,3,2.6,5.5,21.5,0,0,0,2,0.5,2,0,0.25,0.25,0.7,0,0,0,0,0,0,0,0,,
,Montrezl Harrell,Lac,F-C,26.04,52,28.2,58.7,25.9,10.3,276,0.63,686,0.589,15,0,0.576,0.597,18.9,7,12.7,1.8,10.6,0.63,1.08,1.81,8.8,116.5,102.4
,Gary Harris,Den,G,25.41,44,32.2,67.1,15.3,9.4,74,0.824,245,0.473,177,0.294,0.46,0.494,10.2,3,5,2.2,9.3,1.36,0.25,1.07,5.1,101.8,106.2
,Joe Harris,Bro,G-F,28.43,50,31.3,65.2,17.5,11,65,0.738,258,0.539,297,0.404,0.575,0.588,13.7,4.2,6.9,2.1,10.1,0.66,0.26,1.44,6.3,111.6,105.6
,Shaquille Harrison,Chi,G,26.35,32,7.6,15.8,19.7,9,31,0.742,69,0.449,19,0.368,0.472,0.521,3.3,1.3,9.7,1,19.6,0.5,0.22,0.31,8.6,111,99.1
,Tobias Harris,Phi,F,27.57,54,34.2,71.3,23.4,8.2,162,0.802,583,0.521,264,0.367,0.531,0.56,19.1,6.6,10.6,3,13.9,0.72,0.57,1.52,8.5,110.9,103.9
,Isaiah Hartenstein,Hou,C-F,21.77,22,12,25.1,14.8,16.8,28,0.679,62,0.71,5,0,0.657,0.674,4.9,4.1,17.7,0.8,9.9,0.41,0.55,0.73,8.4,127.4,95.3
,Josh Hart,Nor,G,24.93,46,28.2,58.8,15.4,11.1,74,0.757,129,0.55,271,0.354,0.538,0.562,10.6,6.4,11.9,1.6,7.7,1.11,0.41,1.17,6.8,109.5,104.5
,Udonis Haslem,Mia,F,39.67,2,5.4,11.3,11.3,0,4,0.75,1,1,0,0,1,0.906,2.5,1.5,15.5,0,0,0,0,0,0,190.5,80.2
,Jaxson Hayes,Nor,C-F,19.72,50,18.2,37.8,15.3,11.8,164,0.622,222,0.662,4,0.25,0.657,0.669,8,4.4,12.7,0.9,7.3,0.44,1.04,0.8,7,129,100.8
,Gordon Hayward,Bos,F,29.89,35,32.7,68.1,20.8,11.1,84,0.869,317,0.568,142,0.387,0.572,0.603,17.1,6.5,10.7,4.1,19,0.74,0.43,1.77,9.4,119.2,104.8
,John Henson,Cle,F-C,29.12,29,14.2,29.6,16.1,13.5,33,0.515,89,0.618,31,0.194,0.533,0.539,5,3.9,15.3,1.5,15.4,0.55,1.1,0.72,8.7,111.1,102.1
,John Henson,Det,F-C,29.12,1,17.5,36.5,17.4,14.3,0,0,6,1,0,0,1,1,12,4,12.9,1,11.9,1,0,1,8.3,155,105.3
,Dewan Hernandez,Tor,C-F,23.17,4,2.9,5.9,25.9,14.5,2,1,4,0.25,1,0,0.2,0.34,1,1.8,32.3,0,0,0.25,0,0.25,0,,
,Juancho Hernangomez,Den,F,24.37,34,12.4,25.9,14.2,12.9,25,0.64,50,0.46,60,0.25,0.414,0.442,3.1,2.8,12.3,0.6,6.8,0.15,0.15,0.53,5.6,94.2,105.2
,Juancho Hernangomez,Min,F,24.37,1,26.6,55.4,12.1,0,4,0.75,3,0.333,3,1,0.917,0.902,14,1,2,3,16.8,1,0,0,5.2,186.1,97.8
,Willy Hernangomez,Cha,C-F,25.71,22,10.1,21,26.2,16.6,44,0.591,73,0.603,18,0.278,0.566,0.584,5.9,3.4,18.5,0.6,11.5,0.23,0.23,1,9.1,106.2,102.5
,Tyler Herro,Mia,G,20.06,46,27.7,57.6,22,11.3,79,0.835,277,0.433,252,0.393,0.508,0.535,13.1,4,8.2,2,11.2,0.63,0.15,1.57,6.8,100.7,108
,Kevin Hervey,Okc,F,23.59,6,2.2,4.6,16.7,0,0,0,1,0,4,0,0,0,0,0.3,8.4,0.2,9.1,0,0,0,0,,
,Mario Hezonja,Por,F-G,24.96,39,16.2,33.8,13.8,14,49,0.816,103,0.437,53,0.283,0.433,0.493,4.5,3.6,11.5,0.8,6.1,0.62,0.15,0.74,5.8,98.9,101
,Buddy Hield,Sac,G,26.15,52,33.5,69.7,27,12,110,0.827,380,0.492,518,0.386,0.542,0.563,20.5,5.1,8.5,3.2,15.7,0.87,0.31,2.48,8.3,106.4,107.8
,George Hill,Mil,G,33.77,44,21.1,44,15.7,11.8,67,0.821,152,0.566,131,0.511,0.659,0.685,9.7,3,7,3,18.9,0.73,0.09,0.95,8.4,133.7,99.6
,Solomon Hill,Mem,F,28.9,48,18.8,39.1,13.4,13.9,38,0.684,86,0.465,146,0.384,0.534,0.551,5.7,3,8.5,2,13.3,0.65,0.15,0.83,6.9,108.6,107.1
,Jaylen Hoard,Por,F,20.87,12,7.8,16.2,17.2,10.6,11,0.545,26,0.5,3,0,0.448,0.473,2.7,2.5,16.6,0.3,5.9,0.42,0,0.33,6.5,106.6,103.5
,Aaron Holiday,Ind,G,23.36,49,22.8,47.5,20.5,11.7,54,0.87,257,0.416,179,0.413,0.5,0.525,9.9,2.2,5.3,3.4,21.2,0.76,0.22,1.24,7.4,105.7,105.8
,Jrue Holiday,Nor,G,29.66,44,34.7,72.3,25.6,13.7,130,0.723,508,0.484,258,0.349,0.497,0.52,19.5,4.7,7.1,6.4,28.2,1.7,0.89,2.98,9.6,105.4,109.9
,Justin Holiday,Ind,F-G,30.85,53,25.3,52.7,13.2,6.5,49,0.776,120,0.475,233,0.425,0.582,0.599,8.5,3.4,7.4,1.5,7.7,1.02,0.64,0.49,5.6,118.6,104.9
,Rondae Hollis-Jefferson,Tor,F,25.1,41,19.3,40.2,17.5,11.8,105,0.733,224,0.487,14,0.143,0.471,0.53,7.3,5,13.6,1.8,13,0.93,0.39,0.93,8.4,114.8,96.9
,Richaun Holmes,Sac,F,26.32,37,29.4,61.2,15.9,11.6,93,0.817,310,0.658,0,0,0.658,0.69,13.1,8.5,16.3,1,5.3,1.05,1.41,1.24,6.5,131.8,98.8
,Rodney Hood,Por,G-F,27.31,21,29.5,61.4,13.9,9.4,27,0.778,101,0.515,71,0.493,0.608,0.625,11,3.4,6,1.5,7.1,0.81,0.19,0.9,5.2,120.6,111.3
,Al Horford,Phi,C-F,33.69,49,30.9,64.4,17.8,8.3,54,0.722,332,0.512,218,0.326,0.503,0.516,12.1,6.7,11.9,3.9,18.3,0.94,0.88,1.06,8.8,111.6,103.1
,Talen Horton-Tucker,Lal,G,19.21,2,2.7,5.5,8,0,0,0,0,0,1,0,0,0,0,0,0,1,42.2,0.5,0,0,0,,
,Danuel House Jr.,Hou,F-G,26.68,47,30.8,64.2,13.5,8.6,72,0.778,142,0.5,260,0.377,0.542,0.567,10.5,4.4,7.4,1.3,5.6,1.17,0.57,0.87,5.1,114.4,107.2
,Dwight Howard,Lal,C-F,34.17,51,19.5,40.6,14.5,18.2,140,0.464,212,0.736,5,0.6,0.74,0.693,7.6,7.6,21.4,0.6,4.5,0.45,1.35,1.22,6.7,123.2,90.4
,William Howard,Hou,F-G,26.29,1,12,25,17.1,20,0,0,0,0,4,0,0,0,0,2,8.7,1,9.7,0,0,1,0,13.8,106.4
,Kevin Huerter,Atl,G-F,21.46,43,30.2,62.9,17.5,12.2,57,0.825,207,0.454,249,0.394,0.529,0.55,12.3,4.2,7.5,3.3,16.2,0.84,0.49,1.56,7.3,107.5,110.6
,De'Andre Hunter,Atl,F-G,22.19,51,31.5,65.6,17.8,11.9,114,0.763,313,0.466,242,0.339,0.485,0.516,12.3,3.9,6.7,1.8,8.4,0.75,0.27,1.61,5.6,98.3,110.3
,Chandler Hutchison,Chi,F-G,23.79,27,18.5,38.4,19.2,12.1,76,0.605,128,0.508,35,0.314,0.5,0.532,7.7,3.9,11.4,0.9,7.6,1,0.22,1,6.5,101.8,102.1
,Serge Ibaka,Tor,F,30.4,43,27,56.3,24.3,12.6,103,0.738,405,0.563,126,0.397,0.571,0.592,15.9,8,15.5,1.4,8.6,0.53,0.81,1.93,8.3,109.5,97.1
,Ersan Ilyasova,Mil,F,32.74,48,16,33.2,17.2,8.5,68,0.824,150,0.567,112,0.375,0.565,0.603,7.3,5,15.4,0.9,7.5,0.4,0.27,0.56,8,121.6,93.9
,Joe Ingles,Uta,F-G,32.36,52,30.1,62.7,15.3,17.9,67,0.776,158,0.5,261,0.41,0.572,0.592,10.2,4.1,7.4,5,23.3,0.87,0.13,1.88,7.9,115.2,103.6
,Brandon Ingram,Nor,F,22.44,47,34.1,71,28.5,12.5,289,0.862,552,0.513,295,0.4,0.543,0.6,24.9,6.4,9.8,4.2,20.1,0.96,0.72,2.96,10.3,114.3,107.2
,Kyrie Irving,Bro,G,27.88,20,32.9,68.5,32.6,10.1,102,0.922,274,0.522,142,0.394,0.546,0.595,27.4,5.2,8,6.4,37,1.35,0.5,2.6,11.8,118.7,103.3
,Jonathan Isaac,Orl,F,22.35,32,29.7,61.8,18.4,11.7,73,0.767,231,0.515,91,0.33,0.509,0.542,12,6.9,12.4,1.4,7.3,1.56,2.44,1.47,6.6,105,99.8
,Wes Iwundu,Orl,F,25.14,39,18.4,38.2,13,8,62,0.823,109,0.394,60,0.3,0.414,0.487,4.9,2.5,7.2,1,7.9,0.64,0.26,0.44,5,104.7,103.3
,Jaren Jackson Jr.,Mem,F-C,20.4,51,28,58.4,24.4,10.4,152,0.743,354,0.537,326,0.399,0.566,0.591,17.3,4.8,9,1.4,7.5,0.65,1.65,1.71,7,108.9,100.7
,Frank Jackson,Nor,G,21.77,42,13.2,27.5,20.5,13.8,54,0.778,116,0.483,98,0.296,0.465,0.507,5.7,1.3,5.1,0.7,7.8,0.36,0.1,0.9,5.2,95.9,107.6
,Josh Jackson,Mem,G-F,23,6,17.1,35.6,21.9,18.6,13,0.692,21,0.476,17,0.176,0.382,0.435,6.3,3.7,11.4,0.7,5.1,0.83,0.17,1.67,5.9,80,103.5
,Justin Jackson,Dal,F,24.87,48,16,33.3,16.5,3.7,34,0.853,139,0.475,131,0.305,0.467,0.493,5.9,2.4,7.8,0.7,5.8,0.19,0.13,0.23,5.4,107.2,108.5
,Reggie Jackson,Det,G,29.82,12,26.4,55,27.6,8.4,31,0.774,104,0.404,67,0.403,0.482,0.512,15.8,3.1,6.6,4.8,30.2,0.67,0.08,1.42,9.4,109.5,110.8
,Justin James,Sac,G-F,23.04,29,7.4,15.4,18.4,7.7,19,0.526,50,0.44,25,0.32,0.453,0.468,2.7,1,7.9,0.5,10.2,0.21,0.31,0.24,6,98.6,108
,LeBron James,Lal,F,35.11,49,34.8,72.6,31.3,15.4,267,0.697,650,0.557,303,0.347,0.545,0.572,25,7.7,12.1,10.8,49.9,1.33,0.45,3.98,14.7,115.6,103.8
,Amile Jefferson,Orl,F,26.76,18,4.1,8.6,13.5,13,14,0.357,14,0.357,0,0,0.357,0.372,0.8,1.3,16.4,0.2,7.4,0.06,0.17,0.17,5.8,93,101.2
,DaQuan Jeffries,Sac,G-F,22.45,4,3.5,7.2,9.5,0,0,0,2,0.5,1,0,0.333,0.333,0.5,0.3,4.1,0.3,9.6,0,0,0,4.1,,
,Ty Jerome,Pho,G-F,22.6,19,11.5,24,17.1,14.7,5,0.8,42,0.429,31,0.355,0.473,0.485,3.8,1.6,7.6,1.8,21.7,0.63,0.16,0.68,7.7,100.2,102.9
,Alize Johnson,Ind,F,23.8,11,4.2,8.7,17,5.7,6,0.667,14,0.5,0,0,0.5,0.541,1.6,1.5,19.4,0.2,6.1,0,0,0.09,7.5,121.4,97.7
,BJ Johnson,Orl,F,24.14,8,5.8,12,20.6,13.7,2,1,12,0.333,6,0.167,0.306,0.344,1.6,0.8,6.9,0.3,6.4,0.25,0,0.38,5,68.9,111.4
,Cameron Johnson,Pho,F,23.94,40,19.8,41.3,16,8,39,0.769,80,0.463,177,0.384,0.541,0.562,7.7,3,8.3,1,7,0.45,0.33,0.6,5.8,111.7,108.3
,James Johnson,Mia,F,32.97,18,15.6,32.5,16.9,13.9,14,0.571,42,0.548,45,0.356,0.54,0.547,5.7,2.9,10.3,1.2,11.1,0.33,0.72,0.83,6.9,103.2,99.2
,James Johnson,Min,F,32.97,1,20.3,42.3,26.2,23.3,2,0.5,6,0.667,3,0.667,0.778,0.759,15,3,7.7,5,46.8,2,1,3,12,124.6,96.7
,Keldon Johnson,San,F-G,20.33,4,3.1,6.4,17.6,0,0,0,5,0.4,0,0,0.4,0.4,1,0.8,13,0,0,0,0,0,0,,
,Stanley Johnson,Tor,F-G,23.7,17,5,10.3,19.2,21.2,4,0.75,16,0.375,12,0.167,0.321,0.353,1.2,1.1,11.2,0.4,9.5,0.18,0.12,0.47,6.5,69.6,98.1
,Tyler Johnson,Pho,G,27.76,31,16.6,34.6,17.2,11.5,32,0.75,88,0.466,83,0.289,0.45,0.481,5.7,1.7,5.6,1.6,13.4,0.39,0.26,0.77,6,97.8,107.5
,Nikola Jokic,Den,C,24.97,53,32.3,67.4,27.1,14.5,221,0.805,620,0.579,203,0.325,0.557,0.594,20.6,10.3,17.4,6.8,34.6,1.15,0.66,2.94,14,118.2,98.6
,Derrick Jones Jr.,Mia,F,22.98,38,24.8,51.8,14.5,7.7,93,0.774,148,0.622,98,0.286,0.545,0.592,8.9,4.3,9.7,0.9,5.6,1.03,0.66,0.63,5.2,119.6,102.5
,Damian Jones,Atl,C,24.61,49,16.8,35,11.6,12.1,84,0.738,158,0.709,8,0.25,0.693,0.719,6,3.8,12.3,0.6,5.5,0.47,0.78,0.57,5.7,136.6,100.9
,Tyus Jones,Mem,G,23.75,53,18.9,39.4,16.3,12,36,0.778,240,0.5,88,0.386,0.521,0.538,7,1.6,4.5,4.5,32.2,0.85,0.11,0.89,7.8,116.4,113.2
,DeAndre Jordan,Bro,C,31.55,43,21.1,43.9,14.3,19.6,89,0.697,211,0.673,0,0,0.673,0.692,8,9.7,23.6,2,13.8,0.37,1,1.42,10.2,126.1,96.7
,Cory Joseph,Sac,G,28.48,52,24.7,51.5,13.2,14.9,45,0.844,198,0.434,113,0.345,0.465,0.494,6.3,2.6,5.9,3.5,19.3,0.65,0.31,1.12,6.2,106.8,108.8
,Mfiondu Kabengele,Lac,F-C,22.49,12,5.4,11.2,23.2,5.5,5,1,12,0.417,20,0.45,0.578,0.614,3.5,0.9,8.8,0.2,4.8,0.17,0.17,0.17,6.4,119.1,95.7
,Frank Kaminsky,Pho,F-C,26.85,32,22.4,46.7,20.7,9.4,88,0.67,167,0.527,112,0.348,0.525,0.554,11,4.9,12.1,2.2,14.7,0.44,0.31,1.03,8.8,111,104
,Enes Kanter,Bos,C,27.72,40,18.9,39.3,19.7,11.8,78,0.692,265,0.604,7,0.143,0.594,0.615,9.4,8.4,23.8,1,8.4,0.45,0.85,1.03,9.1,124.3,96.4
,Luke Kennard,Det,G,23.63,28,32.9,68.6,19.7,10.3,75,0.893,159,0.491,183,0.399,0.548,0.589,15.8,3.5,6,4.1,18.9,0.43,0.21,1.54,7.4,117.1,110.1
,Michael Kidd-Gilchrist,Cha,F,26.37,12,13.3,27.7,17.5,10.9,9,0.778,36,0.361,17,0.294,0.387,0.421,4,2.9,12,0.8,9.5,0,0.25,0.58,6.3,91.2,105.4
,Stanton Kidd,Uta,F,27.9,4,3.8,8,14.3,40,0,0,2,0,1,0,0,0,0,0.8,10.6,0.3,7.8,0,0,0.5,0,,
,Louis King,Det,F,20.85,10,6.2,13,17,8.2,3,0,10,0.4,11,0.364,0.476,0.448,2,1,9.1,0.5,11.6,0.2,0,0.2,6.5,93.1,98
,Maxi Kleber,Dal,F,28.03,52,25.1,52.3,13.8,8.8,68,0.897,133,0.586,221,0.385,0.581,0.615,9.1,5.4,11.2,1,5.6,0.29,1.08,0.71,5.8,125.5,105.4
,Brandon Knight,Cle,G,28.19,16,15.1,31.4,19.1,14.9,13,0.308,22,0.409,64,0.297,0.436,0.431,4.9,1.3,4.6,1.9,18.1,0.31,0.13,1,6.1,89.3,112.2
,Kevin Knox II,Nyk,F,20.5,53,18.4,38.4,18,8.5,86,0.651,166,0.41,175,0.326,0.45,0.479,6.8,2.9,8.4,1,7.6,0.38,0.4,0.66,5.9,98.4,108
,John Konchar,Mem,G,23.89,6,5.7,11.8,6.7,0,1,1,3,1,2,0,0.6,0.643,1.2,0.3,3.1,0.5,11,0,0,0,4,145.8,117
,Furkan Korkmaz,Phi,G-F,22.55,53,21.3,44.3,18.6,8,52,0.712,160,0.513,264,0.398,0.565,0.577,9.7,2.3,5.9,1,6.8,0.53,0.25,0.74,5.3,109.4,105.8
,Luke Kornet,Chi,C-F,24.57,34,15.3,31.8,16.4,6.5,27,0.741,72,0.639,103,0.291,0.52,0.54,5.9,2.3,8.1,0.9,9,0.29,0.76,0.38,6,111.7,105.1
,Kyle Korver,Mil,G-F,38.9,46,16.7,34.8,15.3,14,31,0.839,46,0.457,186,0.414,0.588,0.609,6.5,2,6,1.2,8.9,0.41,0.24,0.87,6,110.3,99.2
,Rodions Kurucs,Bro,F,22.01,32,13.2,27.6,15.5,20.3,22,0.636,62,0.516,54,0.463,0.599,0.609,4.8,2.4,9.3,0.9,9.9,0.41,0.06,1,6.6,104.1,97.6
,Kyle Kuzma,Lal,F,24.55,42,25,52,23.1,11.9,108,0.75,270,0.507,188,0.33,0.502,0.535,12.9,4.4,9.6,1.2,6.9,0.36,0.38,1.62,6.5,101.9,104.2
,Skal Labissiere,Por,F-C,23.9,33,17.2,35.8,14.3,15.7,33,0.758,134,0.582,13,0.231,0.561,0.588,5.8,5.1,15.3,1.3,10.3,0.21,0.94,0.91,7.8,119.8,100.2
,Jeremy Lamb,Ind,G-F,27.7,42,28.8,60,19.5,8.6,98,0.857,300,0.517,147,0.34,0.515,0.555,13,4.4,8.5,2.1,10.5,1.17,0.48,1.1,6.9,109.1,103.5
,Romeo Langford,Bos,G-F,20.29,17,10.6,22,12.1,9.8,16,0.75,24,0.625,15,0.267,0.538,0.586,3.2,1.1,5.4,0.2,2.2,0.24,0.35,0.29,3.4,114.8,103.8
,Zach LaVine,Chi,G-F,24.92,54,34.5,71.8,31.4,12.9,309,0.825,632,0.487,425,0.376,0.518,0.566,25,4.8,7.6,4.1,21.6,1.41,0.46,3.26,9.2,106.9,107.4
,Vic Law,Orl,F,24.14,3,1.5,3.1,27.8,0,2,0,1,0,1,0,0,0,0,0,0,0,0,0,0,0,0,,
,Jake Layman,Min,F,25.93,14,26.4,54.9,17.3,11.7,10,0.6,78,0.538,54,0.352,0.534,0.539,10.5,2.9,5.8,0.8,4.5,0.86,0.64,1.29,4.4,99.1,107.9
,TJ Leaf,Ind,F,22.78,22,8.2,17,18.7,7.9,10,0.6,52,0.442,14,0.357,0.462,0.476,3,2.7,18.2,0.3,4.7,0.32,0.14,0.27,6.6,103.3,99.4
,Jalen Lecque,Pho,G,19.66,3,7.2,15,17.4,11.3,2,1,4,0.75,3,0,0.429,0.508,2.7,0,0,0.3,6.5,0,0,0.33,0,96.6,110.1
,Courtney Lee,Dal,G,34.35,13,9.7,20.2,13.6,5,0,0,15,0.6,23,0.565,0.75,0.75,4.4,0.6,3.3,0.4,5.8,0.15,0.23,0.15,4.2,141.3,108.1
,Damion Lee,Gol,G-F,27.3,37,27.8,57.9,18.9,10.9,95,0.874,217,0.452,148,0.345,0.478,0.531,11.7,4.9,9.5,2.5,13.8,0.95,0.08,1.35,7.5,105.3,107.8
,Alex Len,Atl,C,26.65,40,18.6,38.8,18.7,11.9,81,0.63,205,0.624,56,0.25,0.571,0.588,8.7,5.8,16.7,1.1,8.8,0.5,0.83,1,8.2,114.1,103
,Kawhi Leonard,Lac,F,28.62,40,31.9,66.5,33.9,11.6,276,0.891,579,0.499,226,0.376,0.517,0.582,27,7.5,12,5.2,28.5,1.85,0.65,3.05,12.8,114.5,101.5
,Meyers Leonard,Mia,C,27.95,49,20.1,42,12,13,26,0.654,104,0.625,119,0.429,0.635,0.64,6.1,5,13.9,1.1,7.7,0.27,0.31,0.71,6.4,117.1,99.9
,Caris LeVert,Bro,G,25.46,26,26.7,55.6,27.9,13.6,96,0.708,257,0.405,101,0.396,0.458,0.495,15.2,3.5,6.8,3.6,21.6,0.77,0.12,2.42,8.6,97.7,106.3
,Damian Lillard,Por,G,29.57,52,37.1,77.4,30.6,10.8,401,0.888,538,0.528,528,0.398,0.562,0.625,29.9,4.3,6,7.9,35.1,0.98,0.35,2.9,10.8,125.7,114.5
,Nassir Little,Por,F-G,20,39,12.7,26.5,13.7,9.4,39,0.667,77,0.545,51,0.255,0.48,0.513,3.8,2.5,10.3,0.5,4.8,0.26,0.38,0.38,5.3,108.2,104.7
,Kevon Looney,Gol,F,24.01,14,11.4,23.7,16,11.7,9,0.667,43,0.395,6,0.167,0.378,0.406,3.1,3.1,14.5,0.7,9.2,0.43,0.29,0.5,6.6,96.2,100.6
,Brook Lopez,Mil,C,31.86,50,26.7,55.6,16.4,8.3,75,0.84,220,0.568,235,0.294,0.502,0.533,10.4,4.5,8.3,1.6,7.8,0.68,2.56,0.88,6.3,106.8,96.9
,Robin Lopez,Mil,C,31.86,48,14.1,29.3,16.5,15.1,43,0.535,141,0.617,70,0.286,0.555,0.559,5.4,2.6,9.2,0.7,6.3,0.15,0.71,0.85,6.1,104.5,98.9
,Kevin Love,Cle,F,31.42,46,31.3,65.2,23.4,14.6,170,0.853,287,0.54,313,0.38,0.556,0.602,17.7,9.8,17.3,3,15.1,0.61,0.33,2.5,10.3,111.8,110.4
,Kyle Lowry,Tor,G,33.88,41,36.4,75.8,23,14.3,234,0.859,251,0.51,332,0.349,0.518,0.587,19.6,4.5,6.6,7.4,30,1.24,0.39,2.78,9.5,117.3,101.6
,Timothe Luwawu-Cabarrot,Bro,G-F,24.76,26,15.3,31.9,14.4,14.6,30,0.767,47,0.447,57,0.404,0.534,0.572,5.2,2.2,7.2,0.5,4.9,0.42,0.04,0.77,4.7,104.3,100.6
,Trey Lyles,San,F,24.26,52,18,37.4,13.3,10.1,30,0.667,122,0.508,123,0.35,0.516,0.529,5.3,5.6,16.7,1,7.5,0.31,0.33,0.56,6.9,110.6,105.9
,Daryl Macon,Mia,G,24.2,4,3.5,7.3,15.6,40,0,0,1,0,2,0.5,0.5,0.5,0.8,0,0,0.3,9.6,0,0,0.5,0,,
,Josh Magette,Orl,G,30.2,8,4.7,9.9,24,23.9,2,0.5,11,0.364,4,0.25,0.367,0.378,1.5,0.8,8.4,0.6,20.1,0.38,0.13,0.63,7.6,70.8,97
,Ian Mahinmi,Was,C,33.26,31,21.7,45.3,16,16.6,94,0.638,152,0.533,23,0.217,0.506,0.548,7.6,6,14.9,1.4,8.5,0.74,1.35,1.39,7.4,108.5,104.8
,Thon Maker,Det,F-C,22.96,50,12.2,25.5,15,16.1,95,0.653,90,0.589,45,0.333,0.559,0.602,4.3,2.5,11.5,0.6,7.1,0.36,0.58,0.68,6.1,113.5,101.4
,Terance Mann,Lac,G-F,23.31,32,8.4,17.6,11.1,19.4,12,0.75,41,0.463,12,0.25,0.443,0.48,1.8,1,6.1,1.2,18,0.25,0.16,0.44,6.2,101.8,98
,Boban Marjanovic,Dal,C,31.49,25,10,20.9,26.3,13,37,0.73,110,0.573,8,0.25,0.559,0.592,6.4,4.5,23.3,0.4,6.7,0.16,0.2,0.8,9,114,93.6
,Lauri Markkanen,Chi,F-C,22.72,46,30.3,63.2,21.2,11.1,149,0.826,256,0.516,294,0.344,0.515,0.56,15,6.5,11.7,1.5,7.8,0.85,0.5,1.67,7,107.3,106.2
,Caleb Martin,Cha,F,24.37,6,9.1,19,13,18.5,5,0.6,8,0.375,3,0,0.273,0.341,1.5,1.5,9,0.7,10.2,0.17,0.33,0.5,5.1,73.6,107.2
,Cody Martin,Cha,F,24.37,37,16,33.3,13.8,13.5,45,0.667,87,0.54,54,0.259,0.482,0.516,4.5,2.8,9.6,1.4,12.9,0.73,0.16,0.68,6.5,106.7,105.6
,Jeremiah Martin,Bro,G,23.64,2,5.5,11.4,15.3,0,0,0,4,0.25,0,0,0.25,0.25,1,0.5,4.7,0.5,12.5,0.5,0,0,4.6,68.4,109.8
,Kelan Martin,Min,F,24.52,22,16.8,35,16.6,8.1,12,1,63,0.508,68,0.265,0.45,0.477,5.9,3.3,10.2,0.5,3.9,0.27,0.32,0.55,5.1,94.4,103.8
,Frank Mason,Mil,G,25.86,4,4.4,9.2,22.7,10.2,4,0.5,3,0,4,0.25,0.214,0.285,1.3,0.5,5.5,1.3,32.9,0.25,0,0.25,8.6,86.1,94.7
,Garrison Mathews,Was,G,23.29,16,12.6,26.3,14.6,9.8,32,0.906,8,0.625,42,0.429,0.64,0.726,5.8,1.4,6.2,0.6,6.5,0.19,0.06,0.44,5.4,138.7,109.3
,Wesley Matthews,Mil,G,33.32,49,24.5,51.1,12.4,9.7,51,0.765,94,0.489,209,0.378,0.543,0.565,7.5,2.5,4.9,1.4,7.1,0.57,0.18,0.71,4.9,109.8,101.3
,Patrick McCaw,Tor,G,24.29,29,24.3,50.7,9.7,15.6,14,0.714,75,0.507,54,0.37,0.527,0.54,5,2.1,4.5,2.3,12.5,1,0.14,0.86,4.8,109.4,105.2
,CJ McCollum,Por,G,28.39,50,35.7,74.4,25.7,8.1,112,0.741,595,0.489,349,0.381,0.52,0.536,21.3,4,5.8,3.7,16.7,0.74,0.66,1.76,7.6,108.5,112
,T.J. McConnell,Ind,G,27.88,51,19.3,40.2,17.6,18.3,35,0.829,292,0.534,13,0.308,0.531,0.551,6.9,2.7,7.9,5.4,39.2,0.71,0.18,1.41,9.6,115.1,107.4
,Jalen McDaniels,Cha,F-C,22.03,3,8.4,17.4,18.2,9.6,1,1,7,0.571,2,0,0.444,0.477,3,1,6.5,0,0,0.33,0,0.33,0,91.2,118.1
,Doug McDermott,Ind,F,28.1,53,20.9,43.5,19.3,6.6,44,0.795,199,0.533,233,0.442,0.603,0.616,10.5,2.6,6.8,1.1,7.7,0.13,0.09,0.6,5.9,116.9,106.2
,JaVale McGee,Lal,C-F,32.06,49,16.9,35.3,15.8,12.6,67,0.642,235,0.647,6,0.5,0.649,0.658,7.3,5.8,18.9,0.7,5.6,0.51,1.63,0.8,7.3,126,93.6
,Rodney McGruder,Lac,G,28.54,41,17,35.5,10.3,10.9,26,0.5,71,0.507,73,0.26,0.448,0.457,3.5,3,9,0.7,5.5,0.54,0.2,0.46,4.6,97.3,101.1
,Alfonzo McKinnie,Cle,F,27.4,36,14.5,30.2,15.1,12.4,29,0.69,92,0.543,57,0.211,0.456,0.482,4.3,2.8,10.7,0.4,3.5,0.56,0.17,0.64,4.7,96.4,105.3
,Jordan McLaughlin,Min,G,23.84,17,19.5,40.7,15.1,9.9,14,0.643,58,0.552,45,0.333,0.529,0.54,6.9,1.8,4.7,3.9,29.2,0.94,0,0.71,7.5,118.8,110.7
,Ben McLemore,Hou,G,27,53,23.7,49.4,16,8.6,58,0.759,73,0.699,350,0.383,0.596,0.611,10.3,2.2,4.8,0.9,5.5,0.66,0.23,0.79,4.6,116.5,106.9
,Jordan McRae,Was,G,28.87,29,22.5,47,24.8,9.7,83,0.771,211,0.441,106,0.377,0.483,0.523,12.8,3.6,8.6,2.8,18.5,0.66,0.52,1.31,9,106.3,110.9
,Nicolo Melli,Nor,0,29.04,41,15.3,31.9,15.3,12.4,39,0.769,70,0.586,118,0.381,0.577,0.602,6,2.6,9,1.1,9.5,0.59,0.24,0.71,6.7,114.9,102.9
,De'Anthony Melton,Mem,G,21.71,40,18.2,38,20.2,16.2,77,0.844,188,0.5,74,0.27,0.473,0.529,7.8,3.6,10.5,3,21.9,1.35,0.33,1.43,9.6,105.2,101.7
,Chimezie Metu,San,F-C,22.89,15,4.3,8.9,24,8.4,8,0.75,29,0.552,0,0,0.552,0.584,2.5,1.5,19.1,0.3,12.6,0.07,0.27,0.2,9.7,121.2,110.3
,Khris Middleton,Mil,F,28.5,45,29.4,61.2,25.4,10.7,154,0.903,415,0.549,245,0.437,0.589,0.629,20.4,6.1,10.1,4.2,21.6,0.96,0.16,1.93,11,121.2,97.1
,Eric Mika,Sac,C,25.1,1,19.1,39.8,8.9,0,2,1,3,0.667,0,0,0.667,0.773,6,7,20.7,0,0,0,0,0,0,170.9,84.1
,CJ Miles,Was,G,32.9,10,16.1,33.5,18.5,5.6,20,0.75,24,0.333,35,0.314,0.415,0.472,6.4,1.2,4,1.2,9.8,1,0.4,0.4,5.2,103.3,112
,Malcolm Miller,Tor,G-F,26.93,22,5.3,11.1,9.8,11.3,6,0.167,5,0.4,16,0.313,0.452,0.423,0.9,0.6,6.3,0.4,8.7,0.18,0.09,0.14,4.5,90.3,100.5
,Paul Millsap,Den,F,35,33,24.7,51.5,19.9,11.1,100,0.86,213,0.493,78,0.41,0.526,0.585,11.9,6,13.3,1.5,8.7,0.85,0.67,1.27,7.7,116.7,98.8
,Patty Mills,San,G,31.5,52,23.1,48.1,20.1,7.9,83,0.819,158,0.513,319,0.389,0.56,0.586,11.6,1.6,3.8,2,12.2,0.83,0.1,0.85,5.8,114.5,111.6
,Shake Milton,Phi,G-F,23.37,21,15.6,32.5,19.5,15.5,30,0.767,55,0.527,57,0.333,0.513,0.551,6.6,2.1,7.5,1.6,14.5,0.43,0.05,1.1,7.2,103.1,98.5
,Donovan Mitchell,Uta,G,23.42,51,34.4,71.7,31.1,10.5,229,0.86,675,0.501,341,0.358,0.513,0.555,24.3,4.3,6.8,4.3,21.9,1.12,0.22,2.57,8.9,109.5,104
,Naz Mitrou-Long,Ind,G,26.52,3,14.2,29.5,18.7,11.1,0,0,5,0.8,11,0.182,0.438,0.438,4.7,2,7.8,2.3,22.5,0.33,0.33,0.67,7.8,94,110.7
,Adam Mokoka,Chi,G,21.57,6,3.6,7.6,31.1,0,2,0,8,0.375,7,0.429,0.5,0.472,2.5,0.7,10,0,0,0.17,0,0,0,,
,Malik Monk,Cha,G,22.01,50,20.5,42.7,22.1,12.7,79,0.81,242,0.55,175,0.274,0.492,0.525,9.5,2.8,7.4,2,16.7,0.4,0.28,1.32,7.3,101.8,111
,Matt Mooney,Cle,G,23.01,2,2.3,4.8,18.6,0,0,0,1,1,1,0,0.5,0.5,1,0.5,12,0.5,35.7,0,0.5,0,11,,
,E'Twaun Moore,Nor,G,30.96,40,20.1,41.9,21,7.3,39,0.641,220,0.464,145,0.372,0.501,0.512,9.8,2.6,6.8,1.6,11.4,0.53,0.18,0.75,6.8,104.7,109.6
,Ja Morant,Mem,G,20.5,47,29.8,62.2,26,17.4,210,0.781,527,0.52,101,0.376,0.527,0.573,17.6,3.5,6.2,7,35.2,1,0.28,3.23,10.1,109.6,111.1
,Juwan Morgan,Uta,F,22.82,13,4.1,8.5,13.1,18.8,0,0,9,0.667,4,0.25,0.577,0.577,1.2,1.1,14.3,0.1,2.7,0,0.08,0.23,5,106.4,99.8
,Marcus Morris Sr.,Nyk,F,30.44,43,32.3,67.2,24.3,9.2,198,0.823,372,0.444,264,0.439,0.533,0.582,19.6,5.4,8.9,1.4,6.9,0.77,0.4,1.7,6.6,112.9,107
,Markieff Morris,Det,F,30.44,42,22.5,47,21.6,14,75,0.773,193,0.503,178,0.393,0.544,0.572,11,3.9,9.7,1.5,10.6,0.62,0.21,1.57,7.1,104,104.1
,Monte Morris,Den,G,24.62,53,21,43.8,17.5,8,51,0.804,281,0.473,112,0.393,0.506,0.528,8.3,1.8,4.7,3.6,24.5,0.7,0.21,0.68,7.2,116.3,109.5
,Johnathan Motley,Lac,F,24.77,11,3.7,7.6,22.8,22.5,5,0.8,14,0.714,1,1,0.767,0.785,2.5,0.8,11.5,0.5,25.2,0.27,0,0.45,10.8,,
,Emmanuel Mudiay,Uta,G,23.93,43,16.2,33.8,21.7,17.6,55,0.727,192,0.516,69,0.348,0.517,0.543,7.2,2.4,8.1,2.4,22.2,0.37,0.21,1.42,8.5,103.4,102.7
,Dejounte Murray,San,G,23.39,48,24.3,50.7,20,17.3,77,0.766,341,0.501,71,0.366,0.51,0.537,10,5.8,12.6,3.9,22.7,1.67,0.27,1.94,10,105.4,103.3
,Jamal Murray,Den,G,22.96,43,32,66.7,25.4,11.7,145,0.897,428,0.502,222,0.347,0.508,0.554,18.4,4,6.9,4.6,22.3,1.28,0.3,2.21,8.7,110.3,107.1
,Dzanan Musa,Bro,G-F,20.76,35,11.6,24.1,19.4,15.5,44,0.75,74,0.473,65,0.231,0.414,0.467,4.2,2,9,0.9,10.9,0.37,0.03,0.83,6.8,93.1,105.6
,Mike Muscala,Okc,F-C,28.61,35,12.8,26.6,16.1,8,22,0.818,33,0.515,107,0.346,0.518,0.544,4.7,2.4,10.5,0.9,9.8,0.2,0.23,0.37,6.8,110.8,101.2
,Svi Mykhailiuk,Det,G-F,22.67,46,22.2,46.2,16.2,11.8,54,0.852,91,0.451,221,0.425,0.583,0.611,8.9,1.7,4.2,1.7,10.8,0.63,0.09,0.98,5.3,114.5,110.7
,Abdel Nader,Okc,F,26.38,37,15.1,31.4,16.1,14.2,39,0.821,77,0.571,81,0.358,0.554,0.591,5.6,1.4,5.2,0.6,6.2,0.35,0.32,0.78,4.4,106.4,105.1
,Larry Nance Jr.,Cle,F-C,27.11,44,24.9,51.8,14.9,11.3,51,0.647,191,0.634,124,0.347,0.589,0.599,9.2,7.2,16,2,11.6,0.77,0.43,0.98,8.2,120,110
,Shabazz Napier,Min,G,28.58,36,23.8,49.6,19.2,19.1,88,0.818,124,0.54,159,0.296,0.486,0.539,9.6,3.1,6.7,5.2,31.7,1.14,0.19,2.11,9,107.7,107.5
,Shabazz Napier,Was,G,28.58,2,19.6,40.8,24,13.3,6,1,6,0.167,11,0.364,0.412,0.509,10,2.5,6.9,4.5,30.5,1,0.5,1.5,9.9,112,110.2
,Raul Neto,Phi,G,27.73,44,10.9,22.7,17.5,18,18,0.778,89,0.483,63,0.381,0.52,0.538,3.9,1.1,5.5,1.5,19,0.45,0.11,0.8,6.8,101.9,103.8
,Georges Niang,Uta,F,26.65,46,13.6,28.3,16.5,8.5,20,0.85,65,0.538,142,0.423,0.604,0.619,5.8,1.8,7.4,0.6,6.8,0.26,0.11,0.43,5.4,117.8,102.6
,Nerlens Noel,Okc,C-F,25.84,44,19.1,39.8,15.5,15.2,86,0.791,210,0.686,3,0.333,0.683,0.716,8.2,5.3,15.3,1.1,9.1,1.09,1.52,1.02,7.6,132.4,94.6
,Zach Norvell Jr.,Lal,G-F,22.17,2,2.5,5.1,8.6,0,0,0,1,0,0,0,0,0,0,0.5,11.2,0,0,0,0,0,0,,
,Zach Norvell Jr.,Gol,G-F,22.17,1,17.4,36.3,13.3,18.4,1,1,1,0,3,0.667,0.75,0.788,7,4,12.3,2,16.9,2,0,1,8.8,131.5,103.4
,Jaylen Nowell,Min,G,20.84,9,11.3,23.6,18.8,6.5,10,0.9,19,0.579,20,0.15,0.397,0.461,4.4,1,4.6,1.2,15.8,0,0,0.33,6.2,102.7,112.8
,Frank Ntilikina,Nyk,G,21.54,48,20.8,43.3,15.1,17.5,44,0.864,162,0.438,111,0.306,0.447,0.482,5.9,2.2,5.6,3,20.2,0.92,0.33,1.29,6.5,99,103.6
,Kendrick Nunn,Mia,G,24.52,49,30.2,63,23.7,11,75,0.827,397,0.516,280,0.35,0.52,0.539,15.6,2.8,5.1,3.5,19.2,0.86,0.18,1.8,7.1,104.6,105.9
,David Nwaba,Bro,G-F,27.07,20,13.4,28,14.1,8.8,27,0.667,43,0.581,28,0.429,0.606,0.627,5.2,2.3,8.6,0.4,4.3,0.55,0.6,0.4,5,119.8,98.7
,Semi Ojeleye,Bos,F,25.18,49,15.1,31.4,8.6,6,25,0.88,49,0.469,80,0.35,0.504,0.543,3.1,1.9,6.9,0.5,4.5,0.35,0.08,0.18,3.8,117.6,104.4
,Jahlil Okafor,Nor,C-F,24.15,27,15.5,32.4,20.1,17.5,58,0.638,142,0.613,2,0.5,0.615,0.631,7.9,4.3,14.7,1.3,13,0.26,0.7,1.33,9.1,115.5,100.8
,Elie Okobo,Pho,F-G,22.3,43,13.3,27.6,14.7,13.2,59,0.678,86,0.419,59,0.373,0.476,0.521,4.1,1.6,6.7,2.2,22.3,0.51,0.09,0.6,7.3,111.9,106.9
,Josh Okogie,Min,G,21.44,49,24.4,50.8,16,15.5,160,0.788,195,0.513,126,0.254,0.461,0.539,8.6,4.3,9.3,1.5,8.8,1.12,0.43,1.47,6.3,105.3,105.6
,KZ Okpala,Mia,F-G,20.79,5,5.2,10.8,11.7,14.5,2,0.5,4,0.75,1,0,0.6,0.595,1.4,1,10.7,0.2,5.5,0.4,0.2,0.2,5,110.4,100.5
,Victor Oladipo,Ind,G,27.77,5,23.8,49.6,29,11.5,12,0.833,31,0.355,33,0.212,0.336,0.383,10.6,1.4,3.3,2.6,15.1,0.8,0.2,1.8,5.7,79.4,112
,Kelly Olynyk,Mia,C,28.81,46,19.6,40.8,16.3,14.7,69,0.87,106,0.547,149,0.389,0.569,0.613,7.6,4.6,13.1,1.3,9.6,0.63,0.3,1.07,7.3,113.5,97.1
,Royce O'Neale,Uta,F,26.68,52,29,60.4,8.8,14.2,27,0.852,93,0.516,155,0.406,0.575,0.593,5.9,5.2,9.7,2.6,11.6,0.71,0.4,0.83,5.9,118.5,99.7
,Miye Oni,Uta,G-F,22.52,3,2.8,5.8,5.2,100,0,0,0,0,0,0,,,0,0.3,6.5,0,0,0,0,0.33,0,,
,Kyle O'Quinn,Phi,C-F,29.88,22,10.1,21,16.9,20.7,11,0.455,43,0.581,21,0.333,0.555,0.552,3.5,3.7,20.1,1.5,20.7,0.18,0.77,0.82,10.6,110.2,95.2
,Cedi Osman,Cle,F,24.84,53,28.8,60,16.5,12.5,70,0.643,233,0.515,252,0.389,0.551,0.561,10.9,3.4,6.5,2.3,11.9,0.85,0.26,1.4,6.1,107.9,110.7
,Kelly Oubre Jr.,Pho,F-G,24.17,51,34.6,72.1,22.5,8.5,232,0.789,473,0.514,283,0.364,0.526,0.57,19.2,6.7,10.6,1.5,6.7,1.27,0.75,1.57,6.7,110,103.1
,Tariq Owens,Pho,F,24.61,2,5.3,11,16,0,0,0,3,0.333,1,0,0.25,0.25,1,1,10.4,0,0,0.5,0,0,0,83,114
,Jeremy Pargo,Gol,G,33.93,1,14.3,29.8,22.1,13.4,1,0,5,0.6,1,0,0.5,0.466,6,2,7.5,4,47.8,1,0,1,10.2,104.7,101.7
,Jabari Parker,Atl,F,24.91,32,26.2,54.5,24,12.4,72,0.736,278,0.601,115,0.27,0.543,0.565,15,6,12.3,1.8,11.7,1.31,0.47,1.88,8.3,106,104.8
,Chandler Parsons,Atl,F,31.29,5,10.8,22.6,16.1,14.3,0,0,4,0.25,14,0.286,0.389,0.389,2.8,1.4,6.9,0.6,7.5,0.8,0.2,0.6,4.9,76.7,110.9
,Eric Paschall,Gol,F,23.26,48,26.9,56,21.5,10.9,160,0.769,412,0.527,99,0.283,0.507,0.551,13.4,4.7,9.4,1.7,10.6,0.56,0.25,1.48,7.1,106.5,109.5
,Anzejs Pasecniks,Was,C,24.14,19,19.5,40.6,16.4,15.1,50,0.62,100,0.54,2,0,0.529,0.56,7.3,4.9,13.8,0.9,6.3,0.42,0.53,1.16,6.5,109.7,103.9
,Patrick Patterson,Lac,F,30.91,45,12.8,26.7,14.9,7.2,34,0.794,44,0.477,134,0.373,0.539,0.567,4.9,2.6,10.4,0.6,6.8,0.13,0.07,0.33,6.2,117.9,104.5
,Justin Patton,Okc,C,22.66,5,4.8,10.1,21.9,16.7,0,0,6,0.5,4,0.25,0.45,0.45,1.8,1,11.4,0.4,12.5,0,0,0.4,7.5,85.7,95.1
,Chris Paul,Okc,G,34.77,52,31.7,66,22.8,12.9,212,0.896,418,0.553,231,0.351,0.543,0.603,17.2,5.1,8.9,6.6,32.5,1.58,0.13,2.12,10.5,120.6,102.4
,Gary Payton II,Was,G,27.19,21,19.2,40,13.2,14.8,8,0.5,67,0.478,39,0.282,0.458,0.461,4.8,3.5,9.8,2.1,14.4,1.52,0.33,0.9,6.8,101.5,105.9
,Elfrid Payton,Nyk,G,25.97,35,27.4,57,19.3,15.8,47,0.511,289,0.464,57,0.228,0.444,0.451,9.5,4.7,9,6.8,37.5,1.63,0.46,1.97,9.8,102.2,106.5
,Norvel Pelle,Phi,F,27.02,15,10.9,22.6,12.3,25.9,12,0.5,29,0.586,0,0,0.586,0.583,2.7,3.6,18.2,0.5,5.8,0.07,1.47,0.8,6.2,100.2,86.6
,Theo Pinson,Bro,G-F,24.26,28,12.2,25.4,23.1,16.9,16,0.938,73,0.397,77,0.195,0.343,0.376,4.2,1.7,7.2,1.9,21.7,0.54,0.07,1.14,7.8,80.8,101.8
,Mason Plumlee,Den,F-C,29.93,43,17.4,36.3,18.5,19.2,114,0.553,206,0.617,4,0,0.605,0.609,7.4,5.5,17.4,2.4,20.4,0.51,0.6,1.44,10.6,115.7,96.3
,Jakob Poeltl,San,C,24.32,52,17.3,35.9,13.1,15.1,66,0.5,202,0.624,0,0,0.624,0.617,5.5,5.6,17.3,1.8,14.2,0.46,1.54,0.79,8.8,125.6,103.8
,Vincent Poirier,Bos,C-F,26.29,18,6,12.5,15.5,15.4,7,0.857,28,0.464,2,0.5,0.483,0.529,1.9,1.8,16.5,0.4,8.9,0.11,0.33,0.33,7.4,107.7,86.6
,Shamorie Ponds,Tor,G,19.71,4,2.7,5.5,23.8,0,2,1,3,0.667,2,0.5,0.7,0.765,2.3,0.3,5,0.5,33.7,0,0.25,0,10.4,,
,Jordan Poole,Gol,G,20.64,46,21.1,43.9,20.5,9.6,85,0.824,176,0.324,208,0.269,0.367,0.418,7.7,1.9,4.9,2,13.7,0.61,0.2,0.98,5.8,87.2,110.7
,Kevin Porter Jr.,Cle,G-F,19.77,41,22.4,46.7,20.5,17.7,74,0.703,209,0.522,122,0.336,0.515,0.54,9.6,3.1,7.8,2,13.1,0.9,0.17,1.9,7,97.7,105.8
,Michael Porter Jr.,Den,F,21.62,39,14.2,29.7,22.2,10.5,39,0.795,150,0.553,88,0.432,0.588,0.609,8,4.4,16.9,0.7,8.2,0.44,0.46,0.77,8.2,115.8,96.5
,Otto Porter Jr.,Chi,F,26.69,9,25.1,52.3,18.9,7,20,0.75,44,0.432,40,0.4,0.512,0.544,11.2,3.4,7.5,1.6,9.5,1,0.33,0.78,6.3,111,105
,Bobby Portis,Nyk,F,25,54,20.9,43.5,20.9,10.1,71,0.746,311,0.473,156,0.353,0.491,0.514,9.5,5.2,13.3,1.6,11.7,0.52,0.19,1.04,8.2,105.2,106.7
,Kristaps Porzingis,Dal,F-C,24.53,40,30.4,63.3,26.4,9.1,170,0.771,343,0.455,263,0.35,0.485,0.528,18,9.1,15.7,1.4,7.1,0.73,1.85,1.7,8.1,106,100.3
,Dwight Powell,Dal,F-C,28.56,40,26.5,55.2,12.7,11.8,111,0.667,190,0.716,39,0.256,0.659,0.677,9.4,5.7,11.2,1.5,7.7,0.88,0.53,0.93,6.5,132.6,103.6
,Norman Powell,Tor,G,26.71,38,28.2,58.8,20.9,10.9,100,0.84,229,0.581,192,0.401,0.59,0.625,15.3,3.8,7.2,1.7,9.2,1.26,0.37,1.5,6.6,114.9,102.4
,Taurean Prince,Bro,F,25.89,51,29.7,61.8,20.1,14,65,0.785,246,0.435,351,0.353,0.491,0.509,12.5,6.3,10.9,2,10.2,0.94,0.39,2,7.3,95.9,102.1
,Julius Randle,Nyk,C-F,25.2,52,32.8,68.2,27.6,14.4,278,0.712,620,0.518,205,0.263,0.487,0.529,19.3,9.6,15.5,3.3,16.6,0.83,0.33,3.08,10.4,102.3,105.2
,Josh Reaves,Dal,G-F,22.69,2,0.8,1.6,28.5,0,0,0,1,0,0,0,0,0,0,0,0,0,0,0,0,0,0,,
,Cam Reddish,Atl,F-G,20.44,46,26,54.2,18.3,14,90,0.789,227,0.383,188,0.309,0.419,0.461,9.1,3.8,7.8,1.5,8.4,1.02,0.48,1.61,5.7,89.2,109.3
,JJ Redick,Nor,G,35.63,48,27.2,56.7,19.8,9.2,150,0.893,194,0.448,314,0.459,0.596,0.645,15.4,2.7,5.2,2,10.4,0.35,0.19,1.21,6.4,122.8,112.7
,Naz Reid,Min,C-F,20.46,17,10.8,22.6,28.5,8.7,14,0.643,52,0.462,58,0.362,0.505,0.517,7.1,2.5,12.2,0.8,13.2,0.29,0.47,0.65,9,102.2,93
,Josh Richardson,Phi,G,26.4,40,30.8,64.2,21.8,13.6,114,0.798,304,0.497,184,0.332,0.497,0.535,14.4,3.2,5.7,3.3,15.9,0.95,0.6,2.13,6.9,103.1,103.4
,Austin Rivers,Hou,G,27.52,49,23.7,49.4,15.1,7,77,0.688,168,0.5,196,0.342,0.507,0.53,8.6,2.4,5.4,1.6,9.1,0.67,0.2,0.61,5.4,110.6,107.5
,Glenn Robinson III,Gol,F,26.09,48,31.6,65.8,16.5,8.7,74,0.851,336,0.524,170,0.4,0.549,0.575,12.9,4.7,7.9,1.8,8.8,0.94,0.29,1.06,6,112.3,112.3
,Duncan Robinson,Mia,F,25.8,51,28.8,59.9,15.3,7.7,44,0.886,55,0.6,395,0.441,0.653,0.668,12.3,3.3,6.4,1.3,6.7,0.51,0.25,0.76,5.2,122.7,103.2
,Jerome Robinson,Lac,G,22.97,42,11.3,23.6,14.8,15.3,19,0.579,69,0.391,67,0.284,0.408,0.423,2.9,1.4,6.5,1.1,12.6,0.31,0.19,0.62,5.8,87.2,99.7
,Justin Robinson,Was,G,22.33,9,5.4,11.3,12.8,20,0,0,7,0.286,5,0.6,0.542,0.542,1.4,0.6,5.6,0.8,18.5,0,0.11,0.33,6.5,105.2,119.6
,Mitchell Robinson,Nyk,C-F,21.86,50,22.7,47.3,13.1,9.4,113,0.593,268,0.728,0,0,0.728,0.719,9.1,6.7,15.5,0.5,3.7,0.9,1.86,0.66,5.5,138.7,98.8
,Isaiah Roby,Okc,F,22.02,1,1.5,3.1,29.4,0,0,0,1,0,0,0,0,0,0,0,0,0,0,0,0,0,0,,
,Rajon Rondo,Lal,G,33.97,36,21,43.8,19.4,21.9,31,0.742,159,0.465,99,0.333,0.479,0.497,7.5,3.4,8.8,5.4,34,0.78,0.06,2.11,9.8,102.4,104.8
,Derrick Rose,Det,G,31.35,44,26.4,55.1,31,13,128,0.859,536,0.543,130,0.315,0.529,0.564,18.5,2.5,5.4,5.8,40.9,0.8,0.32,2.45,9.8,111.6,113
,Terrence Ross,Orl,G-F,29.01,51,26.5,55.2,22.5,7,129,0.837,246,0.484,348,0.322,0.483,0.524,13.4,3.1,6.2,1.1,6.7,1.06,0.33,0.96,5.4,102.5,105.6
,Terry Rozier,Cha,G,25.9,52,34.2,71.3,24.1,12.7,166,0.861,427,0.445,354,0.387,0.506,0.547,18,4.5,7.2,4.1,20.5,1.04,0.19,2.38,8.1,106.7,110.9
,Ricky Rubio,Pho,G,29.31,45,31.6,65.9,19.9,17.6,138,0.826,344,0.43,146,0.329,0.449,0.503,12.3,4.4,7.7,8.6,38.4,1.36,0.2,2.62,9.8,107.8,105.9
,D'Angelo Russell,Gol,G,23.96,33,32.1,66.9,32.1,12.6,144,0.785,314,0.487,321,0.374,0.524,0.558,23.6,3.7,6.2,6.2,36.1,0.91,0.27,3.06,10.2,106.4,111.8
,Domantas Sabonis,Ind,F-C,23.77,50,34.6,72.1,23.3,15.5,234,0.726,618,0.568,53,0.245,0.552,0.589,18.2,12.6,20.2,4.7,20.6,0.7,0.54,2.84,11.9,114.5,98.6
,JaKarr Sampson,Ind,F,26.89,18,13.8,28.8,12.3,8.6,10,0.4,48,0.688,11,0.182,0.61,0.599,4.2,2.4,9.6,0.2,2.2,0.33,0.44,0.33,3.7,113.7,100
,Dario Saric,Pho,F,25.84,48,24.8,51.6,17.1,12.3,68,0.853,206,0.558,185,0.314,0.517,0.549,9.6,6,13.3,1.9,10.8,0.63,0.25,1.23,7.7,108.7,104.3
,Tomas Satoransky,Chi,G,28.28,54,28.6,59.6,16.6,17.3,103,0.883,282,0.504,169,0.337,0.504,0.55,10.1,3.7,7,5.3,27.1,1.31,0.13,1.93,8.2,112,107
,Admiral Schofield,Was,G-F,22.87,26,11.2,23.4,12.3,8.1,13,0.692,28,0.571,46,0.304,0.5,0.521,3.2,1.3,6.3,0.5,6.2,0.31,0.12,0.27,4.6,106.1,107
,Dennis Schroder,Okc,G,26.4,52,31.2,65,27.3,13.5,176,0.835,517,0.52,276,0.388,0.542,0.578,19.3,3.9,6.9,4.1,21.9,0.67,0.25,2.62,8.7,108,105.2
,Mike Scott,Phi,F,31.57,54,17.4,36.3,14,6.6,27,0.889,95,0.505,178,0.343,0.511,0.532,5.6,3.5,10.9,0.6,4.5,0.31,0.07,0.37,5.2,109.9,104.4
,Thabo Sefolosha,Hou,F-G,35.77,37,10.8,22.5,10.3,12.9,6,0.167,34,0.647,51,0.294,0.524,0.513,2.4,2.4,11.6,0.6,7.5,0.51,0.3,0.35,5.6,107.8,101.6
,Collin Sexton,Cle,G,21.1,53,32.2,67,26.9,10.6,197,0.858,682,0.487,193,0.368,0.501,0.544,19.7,3.2,5.5,2.6,13.9,1,0.13,2.15,6.8,106.8,113.6
,Landry Shamet,Lac,G,22.91,36,28.5,59.4,13.2,8.2,44,0.909,69,0.507,212,0.401,0.578,0.608,10.1,2.1,3.8,1.9,9.1,0.42,0.22,0.75,4.8,120.3,103
,Marial Shayok,Phi,G-F,24.54,2,5.2,10.7,25.1,16.7,0,0,2,0,3,0.333,0.3,0.3,1.5,1.5,16,0.5,13,0,0,0.5,8,61.1,109.9
,Iman Shumpert,Bro,G,29.63,13,18.5,38.6,13.4,13,7,0.571,31,0.419,33,0.242,0.391,0.403,4.2,2.6,7.3,0.9,6.7,0.92,0.15,0.77,4.6,84.9,102.6
,Pascal Siakam,Tor,F,25.86,42,34.9,72.6,29.2,10.1,208,0.803,560,0.498,243,0.354,0.508,0.549,23.4,7.6,11.4,3.4,16.5,0.98,0.9,2.4,9.7,107,100.2
,Chris Silva,Mia,F,23.39,35,7.9,16.4,17.4,27.6,45,0.689,57,0.684,2,0,0.661,0.692,3.1,2.9,20.3,0.5,8.7,0.23,0.49,0.86,8.4,119.4,82.5
,Ben Simmons,Phi,F,23.56,52,36.2,75.4,20.7,20.8,279,0.627,588,0.587,6,0.333,0.586,0.608,16.8,7.9,12,8.3,34.8,2.21,0.6,3.62,11.4,115.6,98.9
,Anfernee Simons,Por,G,20.67,53,22.1,46.1,18.7,9.9,72,0.806,257,0.471,177,0.322,0.476,0.506,8.9,2.4,5.6,1.5,9.3,0.32,0.17,0.96,5.7,101.5,110.8
,Alen Smailagic,Gol,F,19.48,10,10.6,22.2,18.5,13,14,0.786,23,0.696,11,0.273,0.603,0.647,5.2,2.3,11.6,0.9,13.7,0.2,0.4,0.6,8.3,121.6,106.3
,Marcus Smart,Bos,G,25.93,41,31.3,65.1,18.2,11.7,87,0.839,183,0.421,260,0.35,0.482,0.519,12.2,3.5,6.1,4.8,21,1.56,0.49,1.56,7.5,110.6,102.4
,Dennis Smith Jr.,Nyk,G,22.21,29,15.8,32.9,22.1,19.6,46,0.478,124,0.355,48,0.292,0.378,0.395,5.2,2.3,7.6,2.9,26.5,0.62,0.28,1.62,8.3,84,103.9
,Ish Smith,Was,G,31.6,51,26.3,54.9,18.6,11.1,64,0.672,379,0.491,128,0.359,0.503,0.517,10.8,3.1,6.4,4.7,25,0.84,0.39,1.31,8.2,109.2,115.7
,Zhaire Smith,Phi,G,20.69,7,4.6,9.6,19.7,13.6,4,0.5,8,0.375,3,0,0.273,0.313,1.1,0.3,3.4,0.3,8.3,0.43,0,0.29,4,64.5,95.6
,Tony Snell,Det,G,28.25,48,27.2,56.7,11.5,6.9,21,1,102,0.529,211,0.408,0.585,0.6,8.1,1.8,3.6,1.8,9.1,0.46,0.23,0.5,4.4,119.9,112.2
,Omari Spellman,Gol,F,22.56,49,18.1,37.7,18.7,13.6,92,0.793,185,0.454,110,0.391,0.503,0.551,7.6,4.4,13.2,1,8.1,0.67,0.49,1.08,7.1,106.7,108.5
,Max Strus,Chi,G-F,23.87,2,3.1,6.5,23.7,0,1,1,2,1,1,0,0.667,0.727,2.5,0.5,8.8,0,0,0,0,0,0,,
,Edmond Sumner,Ind,G,24.11,20,13.4,27.9,16.4,14,13,0.615,54,0.5,26,0.308,0.488,0.502,4.3,1.4,5.8,1.4,14.1,0.65,0.3,0.7,6.1,99.9,102
,Caleb Swanigan,Sac,F,22.81,7,3.3,6.8,20.8,55.1,2,0.5,4,0.5,0,0,0.5,0.512,0.7,1,17.4,0.3,11.9,0.14,0.29,0.86,7.2,,
,Caleb Swanigan,Por,F,22.81,9,15.7,32.7,12.5,31.2,6,0.333,25,0.56,1,0,0.538,0.524,3.3,5.9,19.4,1.2,10.2,0,0.33,1.44,7.3,94.5,95.5
,Jayson Tatum,Bos,F-G,21.94,48,33.8,70.5,28.1,9.6,200,0.835,553,0.472,326,0.387,0.512,0.552,22.2,6.9,10.9,2.9,14,1.35,0.88,2.15,9,109.1,102.7
,Jeff Teague,Min,G,31.67,34,27.8,57.9,20.3,16.4,144,0.868,238,0.471,87,0.379,0.497,0.577,13.2,2.6,4.9,6.1,32.9,0.74,0.38,2.24,8.5,115.8,109.4
,Jeff Teague,Atl,G,31.67,12,23.3,48.6,17.2,18.1,27,0.889,70,0.371,13,0.308,0.386,0.464,7.3,2.3,5.4,4.7,27.8,1.08,0.17,1.75,7.4,99.5,112.1
,Garrett Temple,Bro,G-F,33.76,46,28.3,58.9,16.6,10.1,62,0.758,149,0.477,288,0.323,0.482,0.504,10.2,3.3,6.1,2.5,12.4,0.8,0.46,1.13,6.2,103.1,106.5
,Daniel Theis,Bos,F,27.85,46,22.8,47.4,14.3,10.6,71,0.69,218,0.615,64,0.313,0.582,0.602,8.2,6.2,14.6,1.7,10.2,0.65,1.37,0.8,7.8,124.9,93.5
,Isaiah Thomas,Was,G,31.01,40,23.1,48.2,24,14.2,76,0.816,237,0.405,189,0.413,0.5,0.531,12.2,1.7,4,3.7,22.8,0.33,0.15,1.9,7.4,103,114.9
,Khyri Thomas,Det,G,23.76,2,2.8,5.8,6.8,0,2,0.5,0,0,0,0,,0.568,0.5,0,0,0,0,0,0,0,0,,
,Matt Thomas,Tor,G,25.52,22,11.1,23.2,15.6,9,7,0.714,24,0.542,54,0.481,0.667,0.672,5,1.5,6.9,0.6,7.8,0.32,0,0.36,5.9,122.9,102.2
,Tristan Thompson,Cle,C-F,28.91,49,30.7,64,18,15,140,0.643,466,0.511,11,0.364,0.512,0.537,11.8,10.3,18.6,2.1,10.2,0.61,0.9,1.94,8.3,109.5,109.9
,Matisse Thybulle,Phi,G-F,22.94,46,20.4,42.5,11.6,15.9,37,0.649,70,0.471,125,0.368,0.523,0.54,5,1.5,4.1,1.2,7.9,1.43,0.85,0.87,4.1,102,98.5
,Anthony Tolliver,Por,F,34.69,33,16.8,35,11.2,14.3,19,0.684,28,0.464,89,0.337,0.496,0.515,3.9,3.3,10.3,0.9,6.6,0.24,0.27,0.64,5.4,105.5,107.8
,Anthony Tolliver,Sac,F,34.69,8,8.1,16.8,12.1,16.8,2,0.5,0,0,14,0.143,0.214,0.235,0.9,1.1,7.9,0.4,5.8,0.38,0.13,0.38,3.6,58.4,106.7
,Juan Toscano-Anderson,Gol,F,26.84,1,19.5,40.6,15.3,14.3,0,0,5,0.2,1,1,0.417,0.417,5,3,8.2,2,14.8,0,0,1,6.4,83.3,118.6
,Karl-Anthony Towns,Min,C-F,24.24,34,33.8,70.5,29,13,214,0.794,338,0.592,271,0.41,0.602,0.642,26.6,10.9,16.8,4.3,23,0.94,1.21,3.09,12.7,120.5,102.4
,Gary Trent Jr.,Por,G-F,21.06,41,17.6,36.8,14.9,4.3,19,0.895,85,0.471,149,0.423,0.575,0.59,7,1.6,4.6,0.9,7.1,0.68,0.24,0.27,4.9,122.4,112
,Allonzo Trier,Nyk,G,24.06,20,12.3,25.6,21.2,17.1,39,0.795,39,0.564,46,0.326,0.524,0.587,6,1.4,5.8,1.2,14.6,0.1,0.2,1.05,7,107.3,108.5
,P.J. Tucker,Hou,F,34.77,53,34.9,72.8,8.8,14.6,42,0.833,106,0.575,214,0.369,0.561,0.582,7.4,7,10.4,1.7,6.1,1.17,0.47,1.09,5.1,115.8,103.5
,Rayjon Tucker,Uta,G,22.38,12,6.2,12.8,14.3,12.4,5,0.6,13,0.615,6,0,0.421,0.448,1.6,0.9,8.1,0.2,3.7,0.08,0,0.25,4.3,88.3,102.2
,Evan Turner,Atl,G-F,31.29,19,13.2,27.6,16.4,26.2,14,0.857,62,0.403,5,0,0.373,0.424,3.3,2,8.1,2,20.7,0.47,0.42,1.37,7.2,83.2,110.2
,Myles Turner,Ind,C-F,23.88,43,29.1,60.6,17.8,11.5,120,0.758,216,0.537,178,0.343,0.527,0.566,11.8,6.1,11.7,1.2,5.7,0.7,1.98,1.35,6.1,107.5,102.5
,Jonas Valanciunas,Mem,C,27.76,50,26,54.1,21.8,13.2,122,0.73,464,0.621,72,0.375,0.613,0.633,14.9,10.4,21.3,1.9,11.1,0.46,1.18,1.8,10.2,118.4,101.3
,Denzel Valentine,Chi,G,26.23,30,12.2,25.4,21.8,10.7,5,1,63,0.476,101,0.356,0.512,0.52,5.8,1.9,8.5,1.1,14.8,0.67,0.17,0.67,7.5,100.3,100.5
,Jarred Vanderbilt,Den,F,20.86,9,4.6,9.6,14.6,50,0,0,7,0.714,0,0,0.714,0.714,1.1,0.9,10.6,0.2,6.6,0.33,0.11,0.78,5.1,75.9,94.2
,Jarred Vanderbilt,Min,F,20.86,1,1.1,2.3,0,,0,0,0,0,0,0,,,0,0,0,0,0,0,0,0,0,,
,Fred VanVleet,Tor,G,25.96,43,35.9,74.9,22.1,12,159,0.836,334,0.425,296,0.399,0.506,0.551,17.9,3.8,5.6,6.9,28.6,1.84,0.3,2.21,8.7,113.5,103.2
,Gabe Vincent,Mia,G,23.66,3,13,27.2,21.4,0,0,0,3,0,16,0.25,0.316,0.316,4,1,4.3,1,10.8,0.33,0,0,4.9,75.7,108.8
,Noah Vonleh,Min,F,24.46,29,12,25,13.8,15.5,28,0.821,72,0.625,14,0.143,0.558,0.605,4.1,4,17.5,0.9,10.9,0.38,0.21,0.62,8.2,119.7,101.8
,Nikola Vucevic,Orl,C,29.3,42,31.9,66.5,26.2,7.8,115,0.783,493,0.501,202,0.342,0.504,0.53,18.8,10.8,17.9,3.5,19.9,0.86,0.93,1.5,11.2,110.4,100.5
,Dean Wade,Cle,F-C,23.22,10,5.4,11.2,10.7,22.3,1,0,7,0.714,3,0.667,0.8,0.766,1.6,1.6,16.4,0.1,2.7,0.2,0.3,0.3,4.7,114.3,101.1
,Moritz Wagner,Was,F-C,22.79,24,20.2,42,21.2,18.2,49,0.816,120,0.7,61,0.377,0.655,0.684,11.5,5.9,15.9,1.3,9.7,0.67,0.54,1.88,8.8,116.3,98.7
,Dion Waiters,Mia,G,28.17,3,14,29.2,30.8,10.2,1,0,9,0.222,17,0.471,0.538,0.53,9.3,3.7,14.6,1,12.4,0,0.67,1,9.3,94.1,98
,Lonnie Walker IV,San,G-F,21.16,44,13.2,27.6,20.1,9.6,49,0.714,162,0.457,61,0.393,0.493,0.521,5.8,2,7.9,0.7,7.3,0.43,0.18,0.59,6.1,100.9,107.4
,Kemba Walker,Bos,G,29.76,44,32,66.6,27.9,10.1,200,0.865,353,0.484,386,0.391,0.538,0.585,22,4,6.7,5,24.8,1,0.57,2.11,9.5,117.8,106.5
,Tyrone Wallace,Atl,G,25.67,14,11.5,23.9,15.9,16.3,17,0.647,29,0.448,15,0.067,0.33,0.389,2.9,1.6,7.4,0.9,10.9,0.5,0.07,0.71,5.6,79.6,105.7
,Derrick Walton Jr.,Lac,G,24.86,23,9.6,20.1,8.2,9.1,9,0.778,15,0.533,21,0.429,0.597,0.626,2.2,0.7,3.5,1,12.6,0.17,0,0.17,4.8,132.3,105.1
,Brad Wanamaker,Bos,G,30.55,51,18.7,38.9,15.9,15.8,92,0.913,184,0.451,74,0.365,0.479,0.554,6.5,2,5.8,2.7,19.2,0.71,0.22,1.1,7,111.9,101.1
,T.J. Warren,Ind,F,26.43,50,32.2,67.1,22.6,7.3,161,0.801,547,0.559,149,0.376,0.56,0.593,18.2,3.7,6.3,1.4,6.5,1.14,0.48,1.2,5.7,113.7,104.9
,P.J. Washington,Cha,F,21.47,45,29.9,62.4,17.9,12.9,109,0.661,281,0.516,152,0.388,0.539,0.56,12,5.4,9.9,2,10.9,0.91,0.84,1.58,6.8,105.7,106.2
,Yuta Watanabe,Mem,G-F,25.33,9,5.4,11.3,14.3,6,4,0.5,10,0.4,4,0.5,0.5,0.508,1.8,0.9,8.7,0.1,2.6,0.11,0.11,0.11,4,100.5,105.4
,Tremont Waters,Bos,G,22.08,9,8.1,16.9,22.6,20.7,6,1,13,0.615,15,0.133,0.393,0.457,3.1,0.8,5.2,1.1,19,0.56,0.22,0.89,6.9,86.4,94.8
,Paul Watson,Atl,G,25.11,2,8.8,18.2,16.6,0,0,0,4,0,3,0,0,0,0,1,6.1,1.5,20.7,0.5,0,0,0,26.9,111.6
,Paul Watson,Tor,G,25.11,2,2.4,5,7.9,0,2,0.5,0,0,0,0,,0.568,0.5,0.5,11,0.5,24.7,0,0,0,8.3,,
,Quinndary Weatherspoon,San,G,23.41,1,3.6,7.5,12,0,0,0,1,0,0,0,0,0,0,0,0,0,0,0,0,0,0,,
,Russell Westbrook,Hou,G,31.24,44,36,75,34.1,14.7,285,0.786,819,0.509,179,0.24,0.482,0.528,27,8,11.5,7.3,35.6,1.64,0.36,4.39,12.9,105.8,101.9
,Coby White,Chi,G,19.98,54,24.1,50.3,23.1,11.2,87,0.736,305,0.403,283,0.339,0.454,0.477,11.1,3.5,7.9,2.3,15.1,0.69,0.07,1.46,7.4,95.1,107.4
,Derrick White,San,G,25.61,50,23.8,49.6,17.8,11.9,125,0.832,248,0.512,128,0.359,0.521,0.575,9.9,3.1,6.9,3.3,19.1,0.56,0.82,1.16,7.8,115.9,108.4
,Hassan Whiteside,Por,C,30.66,49,30.8,64.1,19.6,13.4,184,0.717,518,0.61,4,0.5,0.611,0.639,15.7,14.1,23.7,1.1,5.6,0.41,3.12,1.9,8.1,123.3,102.1
,Andrew Wiggins,Min,F,24.96,42,34.7,72.2,28,10.7,207,0.72,515,0.505,275,0.331,0.502,0.535,22.4,5.2,7.9,3.7,18.3,0.69,0.86,2.52,8.7,104.7,109.2
,Andrew Wiggins,Gol,F,24.96,1,30.9,64.4,27.5,20,9,0.556,8,0.625,4,0.75,0.792,0.752,24,2,3.5,3,18.1,5,1,4,6.8,115.1,101.9
,Robert Williams III,Bos,C-F,22.32,19,14.1,29.5,11.3,22.5,14,0.571,49,0.673,0,0,0.673,0.671,3.9,4.6,17.4,1.1,10.6,0.95,1.11,0.84,7.7,120.8,91.7
,Nigel Williams-Goss,Uta,G,25.4,9,3.1,6.4,15.6,20.2,2,1,5,0.2,2,0,0.143,0.254,0.4,0.6,9.8,0.6,22.6,0.11,0.11,0.22,6.8,,
,Grant Williams,Bos,F,21.2,50,15.7,32.7,12.2,18.8,45,0.689,93,0.548,69,0.275,0.491,0.523,3.8,2.7,9.1,1.1,8.8,0.42,0.56,0.84,5.7,104.4,95.6
,Johnathan Williams,Was,F,24.72,10,13.5,28,9.6,12.8,5,0.6,23,0.696,2,0,0.64,0.643,3.5,4.3,17.3,0.6,5.9,0.1,0.6,0.4,6.2,131.2,111.2
,Kenrich Williams,Nor,G-F,25.19,35,22.3,46.4,9.2,12,24,0.375,47,0.511,96,0.26,0.43,0.43,3.8,5.1,12.1,1.5,8.4,0.71,0.6,0.6,5.5,102.2,104.6
,Lou Williams,Lac,G,33.29,50,29.6,61.8,28.8,14.3,292,0.87,504,0.444,251,0.351,0.472,0.547,19.3,3.1,5.4,5.9,30.3,0.62,0.16,2.96,9.6,109.1,108.2
,Marvin Williams,Cha,F,33.64,41,19.7,41,13.9,9.7,50,0.86,93,0.538,117,0.376,0.552,0.593,6.7,2.7,7.5,1,7.7,0.61,0.56,0.61,5.3,115.2,107.7
,Zion Williamson,Nor,F,19.6,8,26.9,56,29.3,15,51,0.588,99,0.586,9,0.444,0.593,0.606,19.8,7.5,14.7,2,12.8,0.75,0.38,2.88,9.9,110.1,109.3
,D.J. Wilson,Mil,F-C,23.97,26,9,18.8,16.5,12.8,7,0.714,34,0.618,45,0.244,0.475,0.487,3.1,2,10.9,0.7,9.9,0.04,0.15,0.46,7.2,96,96.3
,Justise Winslow,Mia,G-F,23.87,11,32,66.7,20.6,14.6,27,0.667,102,0.431,27,0.222,0.411,0.44,11.3,6.6,11.6,4,18.7,0.73,0.45,2.18,8.4,93.3,100.5
,Christian Wood,Det,F,24.37,51,18.7,38.9,22,12,179,0.732,247,0.636,98,0.388,0.62,0.66,11,5.6,16.8,0.8,7,0.47,0.86,1.14,7.8,122.4,105.5
,Delon Wright,Dal,G,27.79,51,21.1,44,15.2,12.3,74,0.784,215,0.512,89,0.371,0.525,0.56,7.4,3.9,9.7,3.4,22.1,1.08,0.31,0.92,8.7,122.9,106.8
,Thaddeus Young,Chi,F,31.64,53,23.8,49.7,19.6,13.8,58,0.586,302,0.503,172,0.337,0.504,0.512,9.7,4.7,10.8,1.7,11.2,1.19,0.28,1.51,7.2,99.1,104.1
,Trae Young,Atl,G,21.39,48,35.2,73.3,35,16.4,436,0.851,548,0.504,451,0.373,0.529,0.599,29.7,4.5,6.8,9.1,45.9,1.17,0.1,4.88,12.1,113.3,114.2
,Cody Zeller,Cha,C,27.35,49,23.1,48.1,20.9,11.7,144,0.688,345,0.568,69,0.246,0.535,0.568,11.1,7,16.7,1.4,10.7,0.67,0.45,1.29,8.3,113.9,103.3
,Ante Zizic,Cle,C,23.1,16,10,20.7,16.3,8.3,15,0.867,49,0.571,0,0,0.571,0.621,4.3,3.4,18.8,0.2,2.9,0.38,0.25,0.31,5.7,123.7,101.7
,Ivica Zubac,Lac,C,22.9,53,17.9,37.2,16.8,11.7,115,0.73,288,0.597,2,0,0.593,0.628,8.1,7.1,20.4,1,8.5,0.21,0.98,0.85,8.6,127.8,95
,Dewayne Dedmon,Atl,C,30.5,1,32.7,68.1,20.9,24.3,1,1,7,0.429,5,0.2,0.375,0.402,10,8,13.2,0,0,0,5,4,0,60.1,97.2
,Glenn Robinson III,Phi,F,26.09,1,12.2,25.4,21.2,0,0,0,5,1,1,0,0.833,0.833,10,1,4.5,0,0,0,0,0,0,155.8,108
,Jerome Robinson,Was,G,22.97,1,15.8,32.9,18.4,0,0,0,3,0.333,4,0.25,0.357,0.357,5,2,6.9,2,16.8,0,0,0,6.9,89.5,102.4
,Marcus Morris Sr.,Lac,F,30.44,1,21.9,45.6,24.5,7.7,0,0,8,0.625,4,0,0.417,0.417,10,4,9.4,2,14.3,3,0,1,7.9,85.8,94
,Andre Drummond,Cle,C,26.5,1,29,60.4,35.5,16.6,7,0.429,14,0.357,3,0.667,0.471,0.473,19,14,26.7,3,17.7,2,1,4,12.8,96.4,110
,Malik Newman,Cle,G,22.97,1,3.7,7.7,44.8,25.8,2,1,1,0,1,0,0,0.347,2,0,0,0,0,0,0,1,0,,
,Andre Iguodala,Mia,G-F,36.03,1,22.8,47.5,7.7,50,0,0,1,1,1,0,0.5,0.5,2,6,14.7,3,17.1,1,1,2,5.8,107,97.2
